ردیف,زمان,سطح,بخش,رویداد,"شناسه مرتبط",پیام,جزئیات
3662,"1405-06-23 14:29:17",موفق,سفارش,order_sent,319849,"پیام کامل سفارش #319849 به تلگرام ارسال شد.","{""chats"":[-1003853185157],""source"":""pending_flush""}"
3661,"1405-06-23 14:27:23",اطلاعات,سفارش,order_pending,319849,"سفارش #319849 معوق شد: اقلام سفارش هنوز ثبت نشده.","{""missing"":[""اقلام سفارش""]}"
3660,"1405-06-23 14:26:54",اطلاعات,سفارش,order_pending,319848,"سفارش #319848 معوق شد: اقلام سفارش هنوز ثبت نشده.","{""missing"":[""اقلام سفارش""]}"
3659,"1405-06-23 14:19:01",اطلاعات,سفارش,order_pending,319842,"سفارش #319842 معوق شد: اقلام سفارش هنوز ثبت نشده.","{""missing"":[""اقلام سفارش""]}"
3658,"1405-06-23 14:06:14",اطلاعات,سفارش,order_pending,319819,"سفارش #319819 معوق شد: اقلام سفارش هنوز ثبت نشده.","{""missing"":[""اقلام سفارش""]}"
3657,"1405-06-23 13:58:13",موفق,سفارش,order_sent,319802,"پیام کامل سفارش #319802 به تلگرام ارسال شد.","{""chats"":[-1003853185157],""source"":""pending_flush""}"
3656,"1405-06-23 13:55:54",موفق,سفارش,order_sent,319803,"پیام کامل سفارش #319803 به تلگرام ارسال شد.","{""chats"":[-1003853185157],""source"":""pending_flush""}"
3655,"1405-06-23 13:55:46",اطلاعات,سفارش,order_pending,319803,"سفارش #319803 معوق شد: اقلام سفارش هنوز ثبت نشده.","{""missing"":[""اقلام سفارش""]}"
3654,"1405-06-23 13:55:23",اطلاعات,سفارش,order_pending,319802,"سفارش #319802 معوق شد: اقلام سفارش هنوز ثبت نشده.","{""missing"":[""اقلام سفارش""]}"
3653,"1405-06-23 13:55:09",اطلاعات,موجودی,flush_nothing,0,"هیچ اعلان موجودی جدیدی ارسال نشد (همه تکراری بودند).","{""queue_count"":2}"
3652,"1405-06-23 13:55:09",هشدار,موجودی,duplicate_blocked,0,"2 اعلان موجودی تکراری تشخیص داده شد و ارسال نشد.","{""blocked"":{""319793"":""cooldown"",""319794"":""cooldown""},""blocked_count"":2}"
3651,"1405-06-23 13:55:09",موفق,موجودی,alert_sent,0,"2 اعلان موجودی ارسال شد.","{""product_ids"":[319793,319794],""chats"":[-1003853185157]}"
3650,"1405-06-23 13:55:08",اطلاعات,موجودی,flush_nothing,0,"هیچ اعلان موجودی جدیدی ارسال نشد (همه تکراری بودند).","{""queue_count"":2}"
3649,"1405-06-23 13:55:08",هشدار,موجودی,duplicate_blocked,0,"2 اعلان موجودی تکراری تشخیص داده شد و ارسال نشد.","{""blocked"":{""319793"":""already_out"",""319794"":""already_out""},""blocked_count"":2}"
3648,"1405-06-23 13:55:08",اطلاعات,موجودی,flush_nothing,0,"هیچ اعلان موجودی جدیدی ارسال نشد (همه تکراری بودند).","{""queue_count"":2}"
3647,"1405-06-23 13:55:08",هشدار,موجودی,duplicate_blocked,0,"2 اعلان موجودی تکراری تشخیص داده شد و ارسال نشد.","{""blocked"":{""319793"":""already_out"",""319794"":""already_out""},""blocked_count"":2}"
3646,"1405-06-23 13:52:27",اطلاعات,سفارش,order_pending,319799,"سفارش #319799 معوق شد: اقلام سفارش هنوز ثبت نشده.","{""missing"":[""اقلام سفارش""]}"
3645,"1405-06-23 13:49:00",اطلاعات,سفارش,order_pending,319797,"سفارش #319797 معوق شد: اقلام سفارش هنوز ثبت نشده.","{""missing"":[""اقلام سفارش""]}"
3644,"1405-06-23 13:44:03",موفق,سفارش,order_sent,319786,"پیام کامل سفارش #319786 به تلگرام ارسال شد.","{""chats"":[-1003853185157],""source"":""pending_flush""}"
3643,"1405-06-23 13:42:32",اطلاعات,سفارش,order_pending,319786,"سفارش #319786 معوق شد: اقلام سفارش هنوز ثبت نشده.","{""missing"":[""اقلام سفارش""]}"
3642,"1405-06-23 13:36:57",اطلاعات,سفارش,order_pending,319771,"سفارش #319771 معوق شد: اقلام سفارش هنوز ثبت نشده.","{""missing"":[""اقلام سفارش""]}"
3641,"1405-06-23 13:35:34",اطلاعات,سفارش,order_pending,319769,"سفارش #319769 معوق شد: اقلام سفارش هنوز ثبت نشده.","{""missing"":[""اقلام سفارش""]}"
3640,"1405-06-23 13:32:25",اطلاعات,سفارش,order_pending,319756,"سفارش #319756 معوق شد: اقلام سفارش هنوز ثبت نشده.","{""missing"":[""اقلام سفارش""]}"
3639,"1405-06-23 13:30:45",موفق,سفارش,order_sent,319742,"پیام کامل سفارش #319742 به تلگرام ارسال شد.","{""chats"":[-1003853185157],""source"":""pending_flush""}"
3638,"1405-06-23 13:29:24",اطلاعات,سفارش,order_pending,319742,"سفارش #319742 معوق شد: اقلام سفارش هنوز ثبت نشده.","{""missing"":[""اقلام سفارش""]}"
3637,"1405-06-23 13:15:59",اطلاعات,سفارش,order_pending,319724,"سفارش #319724 معوق شد: اقلام سفارش هنوز ثبت نشده.","{""missing"":[""اقلام سفارش""]}"
3636,"1405-06-23 13:15:10",موفق,سفارش,order_sent,319722,"پیام کامل سفارش #319722 به تلگرام ارسال شد.","{""chats"":[-1003853185157],""source"":""pending_flush""}"
3635,"1405-06-23 13:13:49",اطلاعات,سفارش,order_pending,319722,"سفارش #319722 معوق شد: اقلام سفارش هنوز ثبت نشده.","{""missing"":[""اقلام سفارش""]}"
3634,"1405-06-23 13:12:19",موفق,سفارش,order_sent,319720,"پیام کامل سفارش #319720 به تلگرام ارسال شد.","{""chats"":[-1003853185157],""source"":""pending_flush""}"
3633,"1405-06-23 13:10:39",اطلاعات,سفارش,order_pending,319720,"سفارش #319720 معوق شد: اقلام سفارش هنوز ثبت نشده.","{""missing"":[""اقلام سفارش""]}"
3632,"1405-06-23 13:10:10",موفق,سفارش,order_sent,319719,"پیام کامل سفارش #319719 به تلگرام ارسال شد.","{""chats"":[-1003853185157],""source"":""pending_flush""}"
3631,"1405-06-23 13:07:39",اطلاعات,سفارش,order_pending,319719,"سفارش #319719 معوق شد: آدرس و اقلام سفارش هنوز ثبت نشده.","{""missing"":[""آدرس"",""اقلام سفارش""]}"
3630,"1405-06-23 13:05:24",موفق,سفارش,order_sent,319714,"پیام کامل سفارش #319714 به تلگرام ارسال شد.","{""chats"":[-1003853185157],""source"":""pending_flush""}"
3629,"1405-06-23 13:05:09",موفق,سفارش,order_sent,319716,"پیام کامل سفارش #319716 به تلگرام ارسال شد.","{""chats"":[-1003853185157],""source"":""pending_flush""}"
3628,"1405-06-23 13:03:20",اطلاعات,سفارش,order_pending,319716,"سفارش #319716 معوق شد: اقلام سفارش هنوز ثبت نشده.","{""missing"":[""اقلام سفارش""]}"
3627,"1405-06-23 13:02:23",اطلاعات,سفارش,order_pending,319714,"سفارش #319714 معوق شد: آدرس و اقلام سفارش هنوز ثبت نشده.","{""missing"":[""آدرس"",""اقلام سفارش""]}"
3626,"1405-06-23 12:56:08",موفق,سفارش,order_sent,319711,"پیام کامل سفارش #319711 به تلگرام ارسال شد.","{""chats"":[-1003853185157],""source"":""pending_flush""}"
3625,"1405-06-23 12:55:00",اطلاعات,سفارش,order_pending,319711,"سفارش #319711 معوق شد: اقلام سفارش هنوز ثبت نشده.","{""missing"":[""اقلام سفارش""]}"
3624,"1405-06-23 12:41:55",موفق,سفارش,order_sent,319704,"پیام کامل سفارش #319704 به تلگرام ارسال شد.","{""chats"":[-1003853185157],""source"":""pending_flush""}"
3623,"1405-06-23 12:39:29",موفق,سفارش,order_sent,319709,"پیام کامل سفارش #319709 به تلگرام ارسال شد.","{""chats"":[-1003853185157],""source"":""pending_flush""}"
3622,"1405-06-23 12:38:37",اطلاعات,سفارش,order_pending,319710,"سفارش #319710 معوق شد: اقلام سفارش هنوز ثبت نشده.","{""missing"":[""اقلام سفارش""]}"
3621,"1405-06-23 12:38:17",اطلاعات,سفارش,order_pending,319709,"سفارش #319709 معوق شد: اقلام سفارش هنوز ثبت نشده.","{""missing"":[""اقلام سفارش""]}"
3620,"1405-06-23 12:37:37",موفق,سفارش,status_sent,319705,"پیام تغییر وضعیت سفارش #319705 ارسال شد (در انتظار پرداخت ← درحال بررسی رسید).","{""old"":""pending"",""new"":""receipt-approval""}"
3619,"1405-06-23 12:37:33",اطلاعات,سفارش,order_pending,319707,"سفارش #319707 معوق شد: آدرس و اقلام سفارش هنوز ثبت نشده.","{""missing"":[""آدرس"",""اقلام سفارش""]}"
3618,"1405-06-23 12:36:01",اطلاعات,سفارش,order_pending,319706,"سفارش #319706 معوق شد: اقلام سفارش هنوز ثبت نشده.","{""missing"":[""اقلام سفارش""]}"
3617,"1405-06-23 12:35:18",موفق,سفارش,order_sent,319705,"پیام کامل سفارش #319705 به تلگرام ارسال شد.","{""chats"":[-1003853185157],""source"":""pending_flush""}"
3616,"1405-06-23 12:32:32",اطلاعات,سفارش,order_pending,319705,"سفارش #319705 معوق شد: اقلام سفارش هنوز ثبت نشده.","{""missing"":[""اقلام سفارش""]}"
3615,"1405-06-23 12:28:04",اطلاعات,سفارش,order_pending,319704,"سفارش #319704 معوق شد: اقلام سفارش هنوز ثبت نشده.","{""missing"":[""اقلام سفارش""]}"
3614,"1405-06-23 12:18:53",اطلاعات,سفارش,order_pending,319703,"سفارش #319703 معوق شد: اقلام سفارش هنوز ثبت نشده.","{""missing"":[""اقلام سفارش""]}"
3613,"1405-06-23 12:06:48",موفق,سفارش,order_sent,318781,"پیام کامل سفارش #318781 به تلگرام ارسال شد.","{""chats"":[-1003853185157],""source"":""pending_flush""}"
3612,"1405-06-23 12:05:12",موفق,سفارش,status_sent,319613,"پیام تغییر وضعیت سفارش #319613 ارسال شد (در حال انجام ← ارسال شده به انبار).","{""old"":""processing"",""new"":""pws-in-stock""}"
3611,"1405-06-23 12:05:11",موفق,سفارش,status_sent,319611,"پیام تغییر وضعیت سفارش #319611 ارسال شد (در حال انجام ← ارسال شده به انبار).","{""old"":""processing"",""new"":""pws-in-stock""}"
3610,"1405-06-23 12:05:10",موفق,سفارش,status_sent,319575,"پیام تغییر وضعیت سفارش #319575 ارسال شد (در حال انجام ← ارسال شده به انبار).","{""old"":""processing"",""new"":""pws-in-stock""}"
3609,"1405-06-23 12:05:00",موفق,سفارش,status_sent,319574,"پیام تغییر وضعیت سفارش #319574 ارسال شد (در حال انجام ← ارسال شده به انبار).","{""old"":""processing"",""new"":""pws-in-stock""}"
3608,"1405-06-23 12:04:59",موفق,سفارش,status_sent,319570,"پیام تغییر وضعیت سفارش #319570 ارسال شد (در حال انجام ← ارسال شده به انبار).","{""old"":""processing"",""new"":""pws-in-stock""}"
3607,"1405-06-23 12:04:58",موفق,سفارش,status_sent,319568,"پیام تغییر وضعیت سفارش #319568 ارسال شد (در حال انجام ← ارسال شده به انبار).","{""old"":""processing"",""new"":""pws-in-stock""}"
3606,"1405-06-23 12:04:39",هشدار,تلگرام,rate_limited,0,"محدودیت نرخ تلگرام (429) هنگام sendMessage؛ 19 ثانیه صبر و تلاش مجدد.","{""method"":""sendMessage"",""retry_after"":19}"
3605,"1405-06-23 12:04:38",خطا,سفارش,status_failed,319562,"ارسال پیام تغییر وضعیت سفارش #319562 ناموفق بود: -1003853185157: Too Many Requests: retry after 20","{""old"":""processing"",""new"":""pws-in-stock"",""error"":""-1003853185157: Too Many Requests: retry after 20""}"
3604,"1405-06-23 12:04:38",خطا,تلگرام,api_error,0,"تلگرام خطا داد (sendMessage): Too Many Requests: retry after 20","{""method"":""sendMessage"",""code"":429,""description"":""Too Many Requests: retry after 20""}"
3603,"1405-06-23 12:04:38",خطا,سفارش,status_failed,319560,"ارسال پیام تغییر وضعیت سفارش #319560 ناموفق بود: -1003853185157: Too Many Requests: retry after 20","{""old"":""processing"",""new"":""pws-in-stock"",""error"":""-1003853185157: Too Many Requests: retry after 20""}"
3602,"1405-06-23 12:04:38",خطا,تلگرام,api_error,0,"تلگرام خطا داد (sendMessage): Too Many Requests: retry after 20","{""method"":""sendMessage"",""code"":429,""description"":""Too Many Requests: retry after 20""}"
3601,"1405-06-23 12:04:28",هشدار,تلگرام,rate_limited,0,"محدودیت نرخ تلگرام (429) هنگام sendMessage؛ 30 ثانیه صبر و تلاش مجدد.","{""method"":""sendMessage"",""retry_after"":30}"
3600,"1405-06-23 12:04:27",هشدار,تلگرام,rate_limited,0,"محدودیت نرخ تلگرام (429) هنگام sendMessage؛ 31 ثانیه صبر و تلاش مجدد.","{""method"":""sendMessage"",""retry_after"":31}"
3599,"1405-06-23 12:04:27",خطا,سفارش,status_failed,319559,"ارسال پیام تغییر وضعیت سفارش #319559 ناموفق بود: -1003853185157: Too Many Requests: retry after 31","{""old"":""processing"",""new"":""pws-in-stock"",""error"":""-1003853185157: Too Many Requests: retry after 31""}"
3598,"1405-06-23 12:04:27",خطا,تلگرام,api_error,0,"تلگرام خطا داد (sendMessage): Too Many Requests: retry after 31","{""method"":""sendMessage"",""code"":429,""description"":""Too Many Requests: retry after 31""}"
3597,"1405-06-23 12:04:26",خطا,سفارش,status_failed,319557,"ارسال پیام تغییر وضعیت سفارش #319557 ناموفق بود: -1003853185157: Too Many Requests: retry after 32","{""old"":""processing"",""new"":""pws-in-stock"",""error"":""-1003853185157: Too Many Requests: retry after 32""}"
3596,"1405-06-23 12:04:26",خطا,تلگرام,api_error,0,"تلگرام خطا داد (sendMessage): Too Many Requests: retry after 32","{""method"":""sendMessage"",""code"":429,""description"":""Too Many Requests: retry after 32""}"
3595,"1405-06-23 12:04:16",هشدار,تلگرام,rate_limited,0,"محدودیت نرخ تلگرام (429) هنگام sendMessage؛ 42 ثانیه صبر و تلاش مجدد.","{""method"":""sendMessage"",""retry_after"":42}"
3594,"1405-06-23 12:04:16",هشدار,تلگرام,rate_limited,0,"محدودیت نرخ تلگرام (429) هنگام sendMessage؛ 42 ثانیه صبر و تلاش مجدد.","{""method"":""sendMessage"",""retry_after"":42}"
3593,"1405-06-23 12:04:16",موفق,سفارش,status_sent,319556,"پیام تغییر وضعیت سفارش #319556 ارسال شد (در حال انجام ← ارسال شده به انبار).","{""old"":""processing"",""new"":""pws-in-stock""}"
3592,"1405-06-23 12:04:15",موفق,سفارش,status_sent,319554,"پیام تغییر وضعیت سفارش #319554 ارسال شد (در حال انجام ← ارسال شده به انبار).","{""old"":""processing"",""new"":""pws-in-stock""}"
3591,"1405-06-23 12:04:15",موفق,سفارش,status_sent,319539,"پیام تغییر وضعیت سفارش #319539 ارسال شد (در حال انجام ← ارسال شده به انبار).","{""old"":""processing"",""new"":""pws-in-stock""}"
3590,"1405-06-23 12:04:14",موفق,سفارش,status_sent,319538,"پیام تغییر وضعیت سفارش #319538 ارسال شد (در حال انجام ← ارسال شده به انبار).","{""old"":""processing"",""new"":""pws-in-stock""}"
3589,"1405-06-23 12:04:14",موفق,سفارش,status_sent,319536,"پیام تغییر وضعیت سفارش #319536 ارسال شد (در حال انجام ← ارسال شده به انبار).","{""old"":""processing"",""new"":""pws-in-stock""}"
3588,"1405-06-23 12:04:11",موفق,سفارش,status_sent,319535,"پیام تغییر وضعیت سفارش #319535 ارسال شد (در حال انجام ← ارسال شده به انبار).","{""old"":""processing"",""new"":""pws-in-stock""}"
3587,"1405-06-23 12:04:10",موفق,سفارش,status_sent,319533,"پیام تغییر وضعیت سفارش #319533 ارسال شد (در حال انجام ← ارسال شده به انبار).","{""old"":""processing"",""new"":""pws-in-stock""}"
3586,"1405-06-23 12:04:10",موفق,سفارش,status_sent,319532,"پیام تغییر وضعیت سفارش #319532 ارسال شد (در حال انجام ← ارسال شده به انبار).","{""old"":""processing"",""new"":""pws-in-stock""}"
3585,"1405-06-23 12:04:09",موفق,سفارش,status_sent,319529,"پیام تغییر وضعیت سفارش #319529 ارسال شد (در حال انجام ← ارسال شده به انبار).","{""old"":""processing"",""new"":""pws-in-stock""}"
3584,"1405-06-23 12:04:08",موفق,سفارش,status_sent,319528,"پیام تغییر وضعیت سفارش #319528 ارسال شد (در حال انجام ← ارسال شده به انبار).","{""old"":""processing"",""new"":""pws-in-stock""}"
3583,"1405-06-23 12:04:05",موفق,سفارش,status_sent,319527,"پیام تغییر وضعیت سفارش #319527 ارسال شد (در حال انجام ← ارسال شده به انبار).","{""old"":""processing"",""new"":""pws-in-stock""}"
3582,"1405-06-23 12:04:04",موفق,سفارش,status_sent,319523,"پیام تغییر وضعیت سفارش #319523 ارسال شد (در حال انجام ← ارسال شده به انبار).","{""old"":""processing"",""new"":""pws-in-stock""}"
3581,"1405-06-23 12:04:04",موفق,سفارش,status_sent,319522,"پیام تغییر وضعیت سفارش #319522 ارسال شد (در حال انجام ← ارسال شده به انبار).","{""old"":""processing"",""new"":""pws-in-stock""}"
3580,"1405-06-23 12:04:03",موفق,سفارش,status_sent,319521,"پیام تغییر وضعیت سفارش #319521 ارسال شد (در حال انجام ← ارسال شده به انبار).","{""old"":""processing"",""new"":""pws-in-stock""}"
3579,"1405-06-23 12:04:03",موفق,سفارش,status_sent,319515,"پیام تغییر وضعیت سفارش #319515 ارسال شد (در حال انجام ← ارسال شده به انبار).","{""old"":""processing"",""new"":""pws-in-stock""}"
3578,"1405-06-23 12:03:59",موفق,سفارش,status_sent,319502,"پیام تغییر وضعیت سفارش #319502 ارسال شد (در حال انجام ← ارسال شده به انبار).","{""old"":""processing"",""new"":""pws-in-stock""}"
3577,"1405-06-23 12:03:59",موفق,سفارش,status_sent,319496,"پیام تغییر وضعیت سفارش #319496 ارسال شد (در حال انجام ← ارسال شده به انبار).","{""old"":""processing"",""new"":""pws-in-stock""}"
3576,"1405-06-23 12:03:58",موفق,سفارش,order_sent,318785,"پیام کامل سفارش #318785 به تلگرام ارسال شد.","{""chats"":[-1003853185157],""source"":""pending_flush""}"
3575,"1405-06-23 12:03:58",موفق,سفارش,status_sent,319418,"پیام تغییر وضعیت سفارش #319418 ارسال شد (در حال انجام ← ارسال شده به انبار).","{""old"":""processing"",""new"":""pws-in-stock""}"
3574,"1405-06-23 12:03:58",موفق,سفارش,status_sent,319411,"پیام تغییر وضعیت سفارش #319411 ارسال شد (در حال انجام ← ارسال شده به انبار).","{""old"":""processing"",""new"":""pws-in-stock""}"
3573,"1405-06-23 12:03:49",خطا,سفارش,status_failed,319389,"ارسال پیام تغییر وضعیت سفارش #319389 ناموفق بود: -1003853185157: Too Many Requests: retry after 9","{""old"":""processing"",""new"":""pws-in-stock"",""error"":""-1003853185157: Too Many Requests: retry after 9""}"
3572,"1405-06-23 12:03:49",خطا,تلگرام,api_error,0,"تلگرام خطا داد (sendMessage): Too Many Requests: retry after 9","{""method"":""sendMessage"",""code"":429,""description"":""Too Many Requests: retry after 9""}"
3571,"1405-06-23 12:03:45",هشدار,سفارش,order_send_failed,318781,"ارسال سفارش #318781 ناموفق بود (تلاش 2 از ۵): -1003853185157: Too Many Requests: retry after 13","{""attempt"":2,""error"":""-1003853185157: Too Many Requests: retry after 13""}"
3570,"1405-06-23 12:03:45",خطا,تلگرام,api_error,0,"تلگرام خطا داد (sendMessage): Too Many Requests: retry after 13","{""method"":""sendMessage"",""code"":429,""description"":""Too Many Requests: retry after 13""}"
3569,"1405-06-23 12:03:39",هشدار,تلگرام,rate_limited,0,"محدودیت نرخ تلگرام (429) هنگام sendMessage؛ 19 ثانیه صبر و تلاش مجدد.","{""method"":""sendMessage"",""retry_after"":19}"
3568,"1405-06-23 12:03:38",هشدار,تلگرام,rate_limited,0,"محدودیت نرخ تلگرام (429) هنگام sendMessage؛ 20 ثانیه صبر و تلاش مجدد.","{""method"":""sendMessage"",""retry_after"":20}"
3567,"1405-06-23 12:03:38",خطا,سفارش,status_failed,319325,"ارسال پیام تغییر وضعیت سفارش #319325 ناموفق بود: -1003853185157: Too Many Requests: retry after 20","{""old"":""processing"",""new"":""pws-in-stock"",""error"":""-1003853185157: Too Many Requests: retry after 20""}"
3566,"1405-06-23 12:03:38",خطا,تلگرام,api_error,0,"تلگرام خطا داد (sendMessage): Too Many Requests: retry after 20","{""method"":""sendMessage"",""code"":429,""description"":""Too Many Requests: retry after 20""}"
3565,"1405-06-23 12:03:38",خطا,سفارش,status_failed,319320,"ارسال پیام تغییر وضعیت سفارش #319320 ناموفق بود: -1003853185157: Too Many Requests: retry after 20","{""old"":""processing"",""new"":""pws-in-stock"",""error"":""-1003853185157: Too Many Requests: retry after 20""}"
3564,"1405-06-23 12:03:38",خطا,تلگرام,api_error,0,"تلگرام خطا داد (sendMessage): Too Many Requests: retry after 20","{""method"":""sendMessage"",""code"":429,""description"":""Too Many Requests: retry after 20""}"
3563,"1405-06-23 12:03:34",هشدار,تلگرام,rate_limited,0,"محدودیت نرخ تلگرام (429) هنگام sendMessage؛ 24 ثانیه صبر و تلاش مجدد.","{""method"":""sendMessage"",""retry_after"":24}"
3562,"1405-06-23 12:03:28",هشدار,تلگرام,rate_limited,0,"محدودیت نرخ تلگرام (429) هنگام sendMessage؛ 31 ثانیه صبر و تلاش مجدد.","{""method"":""sendMessage"",""retry_after"":31}"
3561,"1405-06-23 12:03:27",هشدار,تلگرام,rate_limited,0,"محدودیت نرخ تلگرام (429) هنگام sendMessage؛ 31 ثانیه صبر و تلاش مجدد.","{""method"":""sendMessage"",""retry_after"":31}"
3560,"1405-06-23 12:03:27",خطا,سفارش,status_failed,319317,"ارسال پیام تغییر وضعیت سفارش #319317 ناموفق بود: -1003853185157: Too Many Requests: retry after 31","{""old"":""processing"",""new"":""pws-in-stock"",""error"":""-1003853185157: Too Many Requests: retry after 31""}"
3559,"1405-06-23 12:03:27",خطا,تلگرام,api_error,0,"تلگرام خطا داد (sendMessage): Too Many Requests: retry after 31","{""method"":""sendMessage"",""code"":429,""description"":""Too Many Requests: retry after 31""}"
3558,"1405-06-23 12:03:26",خطا,سفارش,status_failed,319314,"ارسال پیام تغییر وضعیت سفارش #319314 ناموفق بود: -1003853185157: Too Many Requests: retry after 32","{""old"":""processing"",""new"":""pws-in-stock"",""error"":""-1003853185157: Too Many Requests: retry after 32""}"
3557,"1405-06-23 12:03:26",خطا,تلگرام,api_error,0,"تلگرام خطا داد (sendMessage): Too Many Requests: retry after 32","{""method"":""sendMessage"",""code"":429,""description"":""Too Many Requests: retry after 32""}"
3556,"1405-06-23 12:03:16",هشدار,تلگرام,rate_limited,0,"محدودیت نرخ تلگرام (429) هنگام sendMessage؛ 42 ثانیه صبر و تلاش مجدد.","{""method"":""sendMessage"",""retry_after"":42}"
3555,"1405-06-23 12:03:16",هشدار,تلگرام,rate_limited,0,"محدودیت نرخ تلگرام (429) هنگام sendMessage؛ 43 ثانیه صبر و تلاش مجدد.","{""method"":""sendMessage"",""retry_after"":43}"
3554,"1405-06-23 12:03:15",موفق,سفارش,status_sent,319311,"پیام تغییر وضعیت سفارش #319311 ارسال شد (در حال انجام ← ارسال شده به انبار).","{""old"":""processing"",""new"":""pws-in-stock""}"
3553,"1405-06-23 12:03:15",موفق,سفارش,status_sent,319282,"پیام تغییر وضعیت سفارش #319282 ارسال شد (در حال انجام ← ارسال شده به انبار).","{""old"":""processing"",""new"":""pws-in-stock""}"
3552,"1405-06-23 12:03:14",موفق,سفارش,status_sent,319270,"پیام تغییر وضعیت سفارش #319270 ارسال شد (در حال انجام ← ارسال شده به انبار).","{""old"":""processing"",""new"":""pws-in-stock""}"
3551,"1405-06-23 12:03:14",موفق,سفارش,status_sent,319264,"پیام تغییر وضعیت سفارش #319264 ارسال شد (در حال انجام ← ارسال شده به انبار).","{""old"":""processing"",""new"":""pws-in-stock""}"
3550,"1405-06-23 12:03:14",موفق,سفارش,status_sent,319263,"پیام تغییر وضعیت سفارش #319263 ارسال شد (در حال انجام ← ارسال شده به انبار).","{""old"":""processing"",""new"":""pws-in-stock""}"
3549,"1405-06-23 12:03:10",موفق,سفارش,status_sent,319261,"پیام تغییر وضعیت سفارش #319261 ارسال شد (در حال انجام ← ارسال شده به انبار).","{""old"":""processing"",""new"":""pws-in-stock""}"
3548,"1405-06-23 12:03:10",موفق,سفارش,status_sent,319260,"پیام تغییر وضعیت سفارش #319260 ارسال شد (در حال انجام ← ارسال شده به انبار).","{""old"":""processing"",""new"":""pws-in-stock""}"
3547,"1405-06-23 12:03:09",موفق,سفارش,status_sent,319253,"پیام تغییر وضعیت سفارش #319253 ارسال شد (در حال انجام ← ارسال شده به انبار).","{""old"":""processing"",""new"":""pws-in-stock""}"
3546,"1405-06-23 12:03:08",موفق,سفارش,status_sent,319250,"پیام تغییر وضعیت سفارش #319250 ارسال شد (در حال انجام ← ارسال شده به انبار).","{""old"":""processing"",""new"":""pws-in-stock""}"
3545,"1405-06-23 12:03:08",موفق,سفارش,status_sent,319249,"پیام تغییر وضعیت سفارش #319249 ارسال شد (در حال انجام ← ارسال شده به انبار).","{""old"":""processing"",""new"":""pws-in-stock""}"
3544,"1405-06-23 12:03:05",موفق,سفارش,status_sent,319242,"پیام تغییر وضعیت سفارش #319242 ارسال شد (در حال انجام ← ارسال شده به انبار).","{""old"":""processing"",""new"":""pws-in-stock""}"
3543,"1405-06-23 12:03:04",موفق,سفارش,status_sent,319240,"پیام تغییر وضعیت سفارش #319240 ارسال شد (در حال انجام ← ارسال شده به انبار).","{""old"":""processing"",""new"":""pws-in-stock""}"
3542,"1405-06-23 12:03:04",موفق,سفارش,status_sent,319238,"پیام تغییر وضعیت سفارش #319238 ارسال شد (در حال انجام ← ارسال شده به انبار).","{""old"":""processing"",""new"":""pws-in-stock""}"
3541,"1405-06-23 12:03:03",موفق,سفارش,status_sent,319237,"پیام تغییر وضعیت سفارش #319237 ارسال شد (در حال انجام ← ارسال شده به انبار).","{""old"":""processing"",""new"":""pws-in-stock""}"
3540,"1405-06-23 12:03:03",موفق,سفارش,status_sent,319236,"پیام تغییر وضعیت سفارش #319236 ارسال شد (در حال انجام ← ارسال شده به انبار).","{""old"":""processing"",""new"":""pws-in-stock""}"
3539,"1405-06-23 12:03:00",موفق,سفارش,status_sent,319235,"پیام تغییر وضعیت سفارش #319235 ارسال شد (در حال انجام ← ارسال شده به انبار).","{""old"":""processing"",""new"":""pws-in-stock""}"
3538,"1405-06-23 12:02:59",موفق,سفارش,status_sent,319234,"پیام تغییر وضعیت سفارش #319234 ارسال شد (در حال انجام ← ارسال شده به انبار).","{""old"":""processing"",""new"":""pws-in-stock""}"
3537,"1405-06-23 12:02:59",موفق,سفارش,status_sent,319230,"پیام تغییر وضعیت سفارش #319230 ارسال شد (در حال انجام ← ارسال شده به انبار).","{""old"":""processing"",""new"":""pws-in-stock""}"
3536,"1405-06-23 12:02:58",موفق,سفارش,status_sent,319222,"پیام تغییر وضعیت سفارش #319222 ارسال شد (در حال انجام ← ارسال شده به انبار).","{""old"":""processing"",""new"":""pws-in-stock""}"
3535,"1405-06-23 12:02:58",موفق,سفارش,status_sent,319218,"پیام تغییر وضعیت سفارش #319218 ارسال شد (در حال انجام ← ارسال شده به انبار).","{""old"":""processing"",""new"":""pws-in-stock""}"
3534,"1405-06-23 12:02:44",هشدار,سفارش,order_send_failed,318785,"ارسال سفارش #318785 ناموفق بود (تلاش 1 از ۵): -1003853185157: Too Many Requests: retry after 13","{""attempt"":1,""error"":""-1003853185157: Too Many Requests: retry after 13""}"
3533,"1405-06-23 12:02:44",خطا,تلگرام,api_error,0,"تلگرام خطا داد (sendMessage): Too Many Requests: retry after 13","{""method"":""sendMessage"",""code"":429,""description"":""Too Many Requests: retry after 13""}"
3532,"1405-06-23 12:02:43",هشدار,تلگرام,rate_limited,0,"محدودیت نرخ تلگرام (429) هنگام sendMessage؛ 15 ثانیه صبر و تلاش مجدد.","{""method"":""sendMessage"",""retry_after"":15}"
3531,"1405-06-23 12:02:42",خطا,سفارش,status_failed,319217,"ارسال پیام تغییر وضعیت سفارش #319217 ناموفق بود: -1003853185157: Too Many Requests: retry after 15","{""old"":""processing"",""new"":""pws-in-stock"",""error"":""-1003853185157: Too Many Requests: retry after 15""}"
3530,"1405-06-23 12:02:42",خطا,تلگرام,api_error,0,"تلگرام خطا داد (sendMessage): Too Many Requests: retry after 15","{""method"":""sendMessage"",""code"":429,""description"":""Too Many Requests: retry after 15""}"
3529,"1405-06-23 12:02:42",هشدار,تلگرام,rate_limited,0,"محدودیت نرخ تلگرام (429) هنگام sendMessage؛ 15 ثانیه صبر و تلاش مجدد.","{""method"":""sendMessage"",""retry_after"":15}"
3528,"1405-06-23 12:02:33",هشدار,تلگرام,rate_limited,0,"محدودیت نرخ تلگرام (429) هنگام sendMessage؛ 24 ثانیه صبر و تلاش مجدد.","{""method"":""sendMessage"",""retry_after"":24}"
3527,"1405-06-23 12:02:32",هشدار,سفارش,order_send_failed,318781,"ارسال سفارش #318781 ناموفق بود (تلاش 1 از ۵): -1003853185157: Too Many Requests: retry after 25","{""attempt"":1,""error"":""-1003853185157: Too Many Requests: retry after 25""}"
3526,"1405-06-23 12:02:32",خطا,تلگرام,api_error,0,"تلگرام خطا داد (sendMessage): Too Many Requests: retry after 25","{""method"":""sendMessage"",""code"":429,""description"":""Too Many Requests: retry after 25""}"
3525,"1405-06-23 12:02:31",هشدار,تلگرام,rate_limited,0,"محدودیت نرخ تلگرام (429) هنگام sendMessage؛ 26 ثانیه صبر و تلاش مجدد.","{""method"":""sendMessage"",""retry_after"":26}"
3524,"1405-06-23 12:02:30",خطا,سفارش,status_failed,319214,"ارسال پیام تغییر وضعیت سفارش #319214 ناموفق بود: -1003853185157: Too Many Requests: retry after 27","{""old"":""processing"",""new"":""pws-in-stock"",""error"":""-1003853185157: Too Many Requests: retry after 27""}"
3523,"1405-06-23 12:02:30",خطا,تلگرام,api_error,0,"تلگرام خطا داد (sendMessage): Too Many Requests: retry after 27","{""method"":""sendMessage"",""code"":429,""description"":""Too Many Requests: retry after 27""}"
3522,"1405-06-23 12:02:21",هشدار,تلگرام,rate_limited,0,"محدودیت نرخ تلگرام (429) هنگام sendMessage؛ 36 ثانیه صبر و تلاش مجدد.","{""method"":""sendMessage"",""retry_after"":36}"
3521,"1405-06-23 12:02:20",هشدار,تلگرام,rate_limited,0,"محدودیت نرخ تلگرام (429) هنگام sendMessage؛ 37 ثانیه صبر و تلاش مجدد.","{""method"":""sendMessage"",""retry_after"":37}"
3520,"1405-06-23 12:02:19",موفق,سفارش,status_sent,319209,"پیام تغییر وضعیت سفارش #319209 ارسال شد (در حال انجام ← ارسال شده به انبار).","{""old"":""processing"",""new"":""pws-in-stock""}"
3519,"1405-06-23 12:02:18",موفق,سفارش,status_sent,318784,"پیام تغییر وضعیت سفارش #318784 ارسال شد (در حال انجام ← ارسال شده به انبار).","{""old"":""processing"",""new"":""pws-in-stock""}"
3518,"1405-06-23 12:02:17",موفق,سفارش,status_sent,318782,"پیام تغییر وضعیت سفارش #318782 ارسال شد (در حال انجام ← ارسال شده به انبار).","{""old"":""processing"",""new"":""pws-in-stock""}"
3517,"1405-06-23 12:02:16",موفق,سفارش,status_sent,318780,"پیام تغییر وضعیت سفارش #318780 ارسال شد (در حال انجام ← ارسال شده به انبار).","{""old"":""processing"",""new"":""pws-in-stock""}"
3516,"1405-06-23 12:02:15",موفق,سفارش,status_sent,318779,"پیام تغییر وضعیت سفارش #318779 ارسال شد (در حال انجام ← ارسال شده به انبار).","{""old"":""processing"",""new"":""pws-in-stock""}"
3515,"1405-06-23 12:02:11",موفق,سفارش,status_sent,318734,"پیام تغییر وضعیت سفارش #318734 ارسال شد (در حال انجام ← ارسال شده به انبار).","{""old"":""processing"",""new"":""pws-in-stock""}"
3514,"1405-06-23 12:02:10",موفق,سفارش,status_sent,318645,"پیام تغییر وضعیت سفارش #318645 ارسال شد (در حال انجام ← ارسال شده به انبار).","{""old"":""processing"",""new"":""pws-in-stock""}"
3513,"1405-06-23 12:02:10",موفق,سفارش,status_sent,318521,"پیام تغییر وضعیت سفارش #318521 ارسال شد (در حال انجام ← ارسال شده به انبار).","{""old"":""processing"",""new"":""pws-in-stock""}"
3512,"1405-06-23 12:02:09",موفق,سفارش,status_sent,318066,"پیام تغییر وضعیت سفارش #318066 ارسال شد (در حال انجام ← ارسال شده به انبار).","{""old"":""processing"",""new"":""pws-in-stock""}"
3511,"1405-06-23 12:02:08",موفق,سفارش,status_sent,318065,"پیام تغییر وضعیت سفارش #318065 ارسال شد (در حال انجام ← ارسال شده به انبار).","{""old"":""processing"",""new"":""pws-in-stock""}"
3510,"1405-06-23 12:02:07",موفق,سفارش,status_sent,318064,"پیام تغییر وضعیت سفارش #318064 ارسال شد (در حال انجام ← ارسال شده به انبار).","{""old"":""processing"",""new"":""pws-in-stock""}"
3509,"1405-06-23 12:02:06",موفق,سفارش,status_sent,318062,"پیام تغییر وضعیت سفارش #318062 ارسال شد (در حال انجام ← ارسال شده به انبار).","{""old"":""processing"",""new"":""pws-in-stock""}"
3508,"1405-06-23 12:02:05",موفق,سفارش,status_sent,318061,"پیام تغییر وضعیت سفارش #318061 ارسال شد (در حال انجام ← ارسال شده به انبار).","{""old"":""processing"",""new"":""pws-in-stock""}"
3507,"1405-06-23 12:02:03",موفق,سفارش,status_sent,318059,"پیام تغییر وضعیت سفارش #318059 ارسال شد (در حال انجام ← ارسال شده به انبار).","{""old"":""processing"",""new"":""pws-in-stock""}"
3506,"1405-06-23 12:02:02",موفق,سفارش,status_sent,318056,"پیام تغییر وضعیت سفارش #318056 ارسال شد (در حال انجام ← ارسال شده به انبار).","{""old"":""processing"",""new"":""pws-in-stock""}"
3505,"1405-06-23 12:02:01",موفق,سفارش,status_sent,318055,"پیام تغییر وضعیت سفارش #318055 ارسال شد (در حال انجام ← ارسال شده به انبار).","{""old"":""processing"",""new"":""pws-in-stock""}"
3504,"1405-06-23 12:02:00",موفق,سفارش,status_sent,318053,"پیام تغییر وضعیت سفارش #318053 ارسال شد (در حال انجام ← ارسال شده به انبار).","{""old"":""processing"",""new"":""pws-in-stock""}"
3503,"1405-06-23 12:01:59",موفق,سفارش,status_sent,318052,"پیام تغییر وضعیت سفارش #318052 ارسال شد (در حال انجام ← ارسال شده به انبار).","{""old"":""processing"",""new"":""pws-in-stock""}"
3502,"1405-06-23 12:01:58",موفق,سفارش,status_sent,318049,"پیام تغییر وضعیت سفارش #318049 ارسال شد (در حال انجام ← ارسال شده به انبار).","{""old"":""processing"",""new"":""pws-in-stock""}"
3501,"1405-06-23 12:01:57",موفق,سفارش,status_sent,318042,"پیام تغییر وضعیت سفارش #318042 ارسال شد (در حال انجام ← ارسال شده به انبار).","{""old"":""processing"",""new"":""pws-in-stock""}"
3500,"1405-06-23 12:01:47",هشدار,تلگرام,rate_limited,0,"محدودیت نرخ تلگرام (429) هنگام sendMessage؛ 9 ثانیه صبر و تلاش مجدد.","{""method"":""sendMessage"",""retry_after"":9}"
3499,"1405-06-23 12:01:46",خطا,سفارش,status_failed,318036,"ارسال پیام تغییر وضعیت سفارش #318036 ناموفق بود: -1003853185157: Too Many Requests: retry after 10","{""old"":""processing"",""new"":""pws-in-stock"",""error"":""-1003853185157: Too Many Requests: retry after 10""}"
3498,"1405-06-23 12:01:46",خطا,تلگرام,api_error,0,"تلگرام خطا داد (sendMessage): Too Many Requests: retry after 10","{""method"":""sendMessage"",""code"":429,""description"":""Too Many Requests: retry after 10""}"
3497,"1405-06-23 12:01:35",هشدار,تلگرام,rate_limited,0,"محدودیت نرخ تلگرام (429) هنگام sendMessage؛ 21 ثانیه صبر و تلاش مجدد.","{""method"":""sendMessage"",""retry_after"":21}"
3496,"1405-06-23 12:01:34",خطا,سفارش,status_failed,318027,"ارسال پیام تغییر وضعیت سفارش #318027 ناموفق بود: -1003853185157: Too Many Requests: retry after 22","{""old"":""processing"",""new"":""pws-in-stock"",""error"":""-1003853185157: Too Many Requests: retry after 22""}"
3495,"1405-06-23 12:01:34",خطا,تلگرام,api_error,0,"تلگرام خطا داد (sendMessage): Too Many Requests: retry after 22","{""method"":""sendMessage"",""code"":429,""description"":""Too Many Requests: retry after 22""}"
3494,"1405-06-23 12:01:24",هشدار,تلگرام,rate_limited,0,"محدودیت نرخ تلگرام (429) هنگام sendMessage؛ 32 ثانیه صبر و تلاش مجدد.","{""method"":""sendMessage"",""retry_after"":32}"
3493,"1405-06-23 12:01:23",موفق,سفارش,status_sent,318026,"پیام تغییر وضعیت سفارش #318026 ارسال شد (در حال انجام ← ارسال شده به انبار).","{""old"":""processing"",""new"":""pws-in-stock""}"
3492,"1405-06-23 12:01:22",موفق,سفارش,status_sent,318024,"پیام تغییر وضعیت سفارش #318024 ارسال شد (در حال انجام ← ارسال شده به انبار).","{""old"":""processing"",""new"":""pws-in-stock""}"
3491,"1405-06-23 12:01:21",موفق,سفارش,status_sent,318022,"پیام تغییر وضعیت سفارش #318022 ارسال شد (در حال انجام ← ارسال شده به انبار).","{""old"":""processing"",""new"":""pws-in-stock""}"
3490,"1405-06-23 12:01:17",موفق,سفارش,status_sent,318021,"پیام تغییر وضعیت سفارش #318021 ارسال شد (در حال انجام ← ارسال شده به انبار).","{""old"":""processing"",""new"":""pws-in-stock""}"
3489,"1405-06-23 12:01:17",موفق,سفارش,status_sent,318020,"پیام تغییر وضعیت سفارش #318020 ارسال شد (در حال انجام ← ارسال شده به انبار).","{""old"":""processing"",""new"":""pws-in-stock""}"
3488,"1405-06-23 12:01:16",موفق,سفارش,status_sent,318017,"پیام تغییر وضعیت سفارش #318017 ارسال شد (در حال انجام ← ارسال شده به انبار).","{""old"":""processing"",""new"":""pws-in-stock""}"
3487,"1405-06-23 12:01:15",موفق,سفارش,status_sent,318016,"پیام تغییر وضعیت سفارش #318016 ارسال شد (در حال انجام ← ارسال شده به انبار).","{""old"":""processing"",""new"":""pws-in-stock""}"
3486,"1405-06-23 12:01:14",موفق,سفارش,status_sent,318014,"پیام تغییر وضعیت سفارش #318014 ارسال شد (در حال انجام ← ارسال شده به انبار).","{""old"":""processing"",""new"":""pws-in-stock""}"
3485,"1405-06-23 12:01:10",موفق,سفارش,status_sent,318011,"پیام تغییر وضعیت سفارش #318011 ارسال شد (در حال انجام ← ارسال شده به انبار).","{""old"":""processing"",""new"":""pws-in-stock""}"
3484,"1405-06-23 12:01:09",موفق,سفارش,status_sent,318009,"پیام تغییر وضعیت سفارش #318009 ارسال شد (در حال انجام ← ارسال شده به انبار).","{""old"":""processing"",""new"":""pws-in-stock""}"
3483,"1405-06-23 12:01:08",موفق,سفارش,status_sent,318006,"پیام تغییر وضعیت سفارش #318006 ارسال شد (در حال انجام ← ارسال شده به انبار).","{""old"":""processing"",""new"":""pws-in-stock""}"
3482,"1405-06-23 12:01:07",موفق,سفارش,status_sent,318002,"پیام تغییر وضعیت سفارش #318002 ارسال شد (در حال انجام ← ارسال شده به انبار).","{""old"":""processing"",""new"":""pws-in-stock""}"
3481,"1405-06-23 12:01:06",موفق,سفارش,status_sent,317999,"پیام تغییر وضعیت سفارش #317999 ارسال شد (در حال انجام ← ارسال شده به انبار).","{""old"":""processing"",""new"":""pws-in-stock""}"
3480,"1405-06-23 12:01:02",موفق,سفارش,status_sent,317997,"پیام تغییر وضعیت سفارش #317997 ارسال شد (در حال انجام ← ارسال شده به انبار).","{""old"":""processing"",""new"":""pws-in-stock""}"
3479,"1405-06-23 12:01:01",موفق,سفارش,status_sent,317995,"پیام تغییر وضعیت سفارش #317995 ارسال شد (در حال انجام ← ارسال شده به انبار).","{""old"":""processing"",""new"":""pws-in-stock""}"
3478,"1405-06-23 12:01:00",موفق,سفارش,status_sent,317992,"پیام تغییر وضعیت سفارش #317992 ارسال شد (در حال انجام ← ارسال شده به انبار).","{""old"":""processing"",""new"":""pws-in-stock""}"
3477,"1405-06-23 12:00:59",موفق,سفارش,status_sent,317991,"پیام تغییر وضعیت سفارش #317991 ارسال شد (در حال انجام ← ارسال شده به انبار).","{""old"":""processing"",""new"":""pws-in-stock""}"
3476,"1405-06-23 12:00:58",موفق,سفارش,status_sent,317990,"پیام تغییر وضعیت سفارش #317990 ارسال شد (در حال انجام ← ارسال شده به انبار).","{""old"":""processing"",""new"":""pws-in-stock""}"
3475,"1405-06-23 12:00:57",موفق,سفارش,status_sent,317985,"پیام تغییر وضعیت سفارش #317985 ارسال شد (در حال انجام ← ارسال شده به انبار).","{""old"":""processing"",""new"":""pws-in-stock""}"
3474,"1405-06-23 12:00:56",موفق,سفارش,status_sent,317982,"پیام تغییر وضعیت سفارش #317982 ارسال شد (در حال انجام ← ارسال شده به انبار).","{""old"":""processing"",""new"":""pws-in-stock""}"
3473,"1405-06-23 12:00:42",هشدار,تلگرام,rate_limited,0,"محدودیت نرخ تلگرام (429) هنگام sendMessage؛ 13 ثانیه صبر و تلاش مجدد.","{""method"":""sendMessage"",""retry_after"":13}"
3472,"1405-06-23 12:00:42",خطا,سفارش,status_failed,317980,"ارسال پیام تغییر وضعیت سفارش #317980 ناموفق بود: -1003853185157: Too Many Requests: retry after 14","{""old"":""processing"",""new"":""pws-in-stock"",""error"":""-1003853185157: Too Many Requests: retry after 14""}"
3471,"1405-06-23 12:00:42",خطا,تلگرام,api_error,0,"تلگرام خطا داد (sendMessage): Too Many Requests: retry after 14","{""method"":""sendMessage"",""code"":429,""description"":""Too Many Requests: retry after 14""}"
3470,"1405-06-23 12:00:31",هشدار,تلگرام,rate_limited,0,"محدودیت نرخ تلگرام (429) هنگام sendMessage؛ 24 ثانیه صبر و تلاش مجدد.","{""method"":""sendMessage"",""retry_after"":24}"
3469,"1405-06-23 12:00:30",خطا,سفارش,status_failed,317979,"ارسال پیام تغییر وضعیت سفارش #317979 ناموفق بود: -1003853185157: Too Many Requests: retry after 25","{""old"":""processing"",""new"":""pws-in-stock"",""error"":""-1003853185157: Too Many Requests: retry after 25""}"
3468,"1405-06-23 12:00:30",خطا,تلگرام,api_error,0,"تلگرام خطا داد (sendMessage): Too Many Requests: retry after 25","{""method"":""sendMessage"",""code"":429,""description"":""Too Many Requests: retry after 25""}"
3467,"1405-06-23 12:00:19",هشدار,تلگرام,rate_limited,0,"محدودیت نرخ تلگرام (429) هنگام sendMessage؛ 36 ثانیه صبر و تلاش مجدد.","{""method"":""sendMessage"",""retry_after"":36}"
3466,"1405-06-23 12:00:18",موفق,سفارش,status_sent,317973,"پیام تغییر وضعیت سفارش #317973 ارسال شد (در حال انجام ← ارسال شده به انبار).","{""old"":""processing"",""new"":""pws-in-stock""}"
3465,"1405-06-23 12:00:17",موفق,سفارش,status_sent,317971,"پیام تغییر وضعیت سفارش #317971 ارسال شد (در حال انجام ← ارسال شده به انبار).","{""old"":""processing"",""new"":""pws-in-stock""}"
3464,"1405-06-23 12:00:16",موفق,سفارش,status_sent,317970,"پیام تغییر وضعیت سفارش #317970 ارسال شد (در حال انجام ← ارسال شده به انبار).","{""old"":""processing"",""new"":""pws-in-stock""}"
3463,"1405-06-23 12:00:15",موفق,سفارش,status_sent,317968,"پیام تغییر وضعیت سفارش #317968 ارسال شد (در حال انجام ← ارسال شده به انبار).","{""old"":""processing"",""new"":""pws-in-stock""}"
3462,"1405-06-23 12:00:14",موفق,سفارش,status_sent,317963,"پیام تغییر وضعیت سفارش #317963 ارسال شد (در حال انجام ← ارسال شده به انبار).","{""old"":""processing"",""new"":""pws-in-stock""}"
3461,"1405-06-23 12:00:10",موفق,سفارش,status_sent,317962,"پیام تغییر وضعیت سفارش #317962 ارسال شد (در حال انجام ← ارسال شده به انبار).","{""old"":""processing"",""new"":""pws-in-stock""}"
3460,"1405-06-23 12:00:09",موفق,سفارش,status_sent,317961,"پیام تغییر وضعیت سفارش #317961 ارسال شد (در حال انجام ← ارسال شده به انبار).","{""old"":""processing"",""new"":""pws-in-stock""}"
3459,"1405-06-23 12:00:07",موفق,سفارش,status_sent,317959,"پیام تغییر وضعیت سفارش #317959 ارسال شد (در حال انجام ← ارسال شده به انبار).","{""old"":""processing"",""new"":""pws-in-stock""}"
3458,"1405-06-23 12:00:07",موفق,سفارش,order_sent,317898,"پیام کامل سفارش #317898 به تلگرام ارسال شد.","{""chats"":[-1003853185157],""source"":""pending_flush""}"
3457,"1405-06-23 12:00:06",موفق,سفارش,status_sent,317903,"پیام تغییر وضعیت سفارش #317903 ارسال شد (در حال انجام ← ارسال شده به انبار).","{""old"":""processing"",""new"":""pws-in-stock""}"
3456,"1405-06-23 12:00:03",موفق,سفارش,order_sent,317017,"پیام کامل سفارش #317017 به تلگرام ارسال شد.","{""chats"":[-1003853185157],""source"":""pending_flush""}"
3455,"1405-06-23 12:00:02",موفق,سفارش,status_sent,317902,"پیام تغییر وضعیت سفارش #317902 ارسال شد (در حال انجام ← ارسال شده به انبار).","{""old"":""processing"",""new"":""pws-in-stock""}"
3454,"1405-06-23 12:00:02",موفق,سفارش,order_sent,317015,"پیام کامل سفارش #317015 به تلگرام ارسال شد.","{""chats"":[-1003853185157],""source"":""pending_flush""}"
3453,"1405-06-23 12:00:02",موفق,سفارش,status_sent,317901,"پیام تغییر وضعیت سفارش #317901 ارسال شد (در حال انجام ← ارسال شده به انبار).","{""old"":""processing"",""new"":""pws-in-stock""}"
3452,"1405-06-23 12:00:01",موفق,سفارش,status_sent,317899,"پیام تغییر وضعیت سفارش #317899 ارسال شد (در حال انجام ← ارسال شده به انبار).","{""old"":""processing"",""new"":""pws-in-stock""}"
3451,"1405-06-23 11:59:59",موفق,سفارش,status_sent,317897,"پیام تغییر وضعیت سفارش #317897 ارسال شد (در حال انجام ← ارسال شده به انبار).","{""old"":""processing"",""new"":""pws-in-stock""}"
3450,"1405-06-23 11:59:58",موفق,سفارش,status_sent,317578,"پیام تغییر وضعیت سفارش #317578 ارسال شد (در حال انجام ← ارسال شده به انبار).","{""old"":""processing"",""new"":""pws-in-stock""}"
3449,"1405-06-23 11:59:57",موفق,سفارش,status_sent,317577,"پیام تغییر وضعیت سفارش #317577 ارسال شد (در حال انجام ← ارسال شده به انبار).","{""old"":""processing"",""new"":""pws-in-stock""}"
3448,"1405-06-23 11:59:56",موفق,سفارش,status_sent,317569,"پیام تغییر وضعیت سفارش #317569 ارسال شد (در حال انجام ← ارسال شده به انبار).","{""old"":""processing"",""new"":""pws-in-stock""}"
3447,"1405-06-23 11:59:55",موفق,سفارش,status_sent,317562,"پیام تغییر وضعیت سفارش #317562 ارسال شد (در حال انجام ← ارسال شده به انبار).","{""old"":""processing"",""new"":""pws-in-stock""}"
3446,"1405-06-23 11:59:45",هشدار,تلگرام,rate_limited,0,"محدودیت نرخ تلگرام (429) هنگام sendMessage؛ 10 ثانیه صبر و تلاش مجدد.","{""method"":""sendMessage"",""retry_after"":10}"
3445,"1405-06-23 11:59:44",خطا,سفارش,status_failed,317561,"ارسال پیام تغییر وضعیت سفارش #317561 ناموفق بود: -1003853185157: Too Many Requests: retry after 10","{""old"":""processing"",""new"":""pws-in-stock"",""error"":""-1003853185157: Too Many Requests: retry after 10""}"
3444,"1405-06-23 11:59:44",خطا,تلگرام,api_error,0,"تلگرام خطا داد (sendMessage): Too Many Requests: retry after 10","{""method"":""sendMessage"",""code"":429,""description"":""Too Many Requests: retry after 10""}"
3443,"1405-06-23 11:59:43",هشدار,سفارش,order_send_failed,317017,"ارسال سفارش #317017 ناموفق بود (تلاش 1 از ۵): -1003853185157: Too Many Requests: retry after 11","{""attempt"":1,""error"":""-1003853185157: Too Many Requests: retry after 11""}"
3442,"1405-06-23 11:59:43",خطا,تلگرام,api_error,0,"تلگرام خطا داد (sendMessage): Too Many Requests: retry after 11","{""method"":""sendMessage"",""code"":429,""description"":""Too Many Requests: retry after 11""}"
3441,"1405-06-23 11:59:42",هشدار,سفارش,order_send_failed,317015,"ارسال سفارش #317015 ناموفق بود (تلاش 2 از ۵): -1003853185157: Too Many Requests: retry after 12","{""attempt"":2,""error"":""-1003853185157: Too Many Requests: retry after 12""}"
3440,"1405-06-23 11:59:42",خطا,تلگرام,api_error,0,"تلگرام خطا داد (sendMessage): Too Many Requests: retry after 12","{""method"":""sendMessage"",""code"":429,""description"":""Too Many Requests: retry after 12""}"
3439,"1405-06-23 11:59:41",هشدار,سفارش,order_send_failed,317015,"ارسال سفارش #317015 ناموفق بود (تلاش 2 از ۵): -1003853185157: Too Many Requests: retry after 13","{""attempt"":2,""error"":""-1003853185157: Too Many Requests: retry after 13""}"
3438,"1405-06-23 11:59:41",خطا,تلگرام,api_error,0,"تلگرام خطا داد (sendMessage): Too Many Requests: retry after 13","{""method"":""sendMessage"",""code"":429,""description"":""Too Many Requests: retry after 13""}"
3437,"1405-06-23 11:59:33",هشدار,تلگرام,rate_limited,0,"محدودیت نرخ تلگرام (429) هنگام sendMessage؛ 21 ثانیه صبر و تلاش مجدد.","{""method"":""sendMessage"",""retry_after"":21}"
3436,"1405-06-23 11:59:32",خطا,سفارش,status_failed,317559,"ارسال پیام تغییر وضعیت سفارش #317559 ناموفق بود: -1003853185157: Too Many Requests: retry after 22","{""old"":""processing"",""new"":""pws-in-stock"",""error"":""-1003853185157: Too Many Requests: retry after 22""}"
3435,"1405-06-23 11:59:32",خطا,تلگرام,api_error,0,"تلگرام خطا داد (sendMessage): Too Many Requests: retry after 22","{""method"":""sendMessage"",""code"":429,""description"":""Too Many Requests: retry after 22""}"
3434,"1405-06-23 11:59:32",هشدار,تلگرام,rate_limited,0,"محدودیت نرخ تلگرام (429) هنگام sendMessage؛ 22 ثانیه صبر و تلاش مجدد.","{""method"":""sendMessage"",""retry_after"":22}"
3433,"1405-06-23 11:59:31",هشدار,تلگرام,rate_limited,0,"محدودیت نرخ تلگرام (429) هنگام sendMessage؛ 24 ثانیه صبر و تلاش مجدد.","{""method"":""sendMessage"",""retry_after"":24}"
3432,"1405-06-23 11:59:31",هشدار,تلگرام,rate_limited,0,"محدودیت نرخ تلگرام (429) هنگام sendMessage؛ 24 ثانیه صبر و تلاش مجدد.","{""method"":""sendMessage"",""retry_after"":24}"
3431,"1405-06-23 11:59:22",هشدار,تلگرام,rate_limited,0,"محدودیت نرخ تلگرام (429) هنگام sendMessage؛ 33 ثانیه صبر و تلاش مجدد.","{""method"":""sendMessage"",""retry_after"":33}"
3430,"1405-06-23 11:59:21",موفق,سفارش,status_sent,317475,"پیام تغییر وضعیت سفارش #317475 ارسال شد (در حال انجام ← ارسال شده به انبار).","{""old"":""processing"",""new"":""pws-in-stock""}"
3429,"1405-06-23 11:59:20",موفق,سفارش,status_sent,317474,"پیام تغییر وضعیت سفارش #317474 ارسال شد (در حال انجام ← ارسال شده به انبار).","{""old"":""processing"",""new"":""pws-in-stock""}"
3428,"1405-06-23 11:59:19",موفق,سفارش,status_sent,317472,"پیام تغییر وضعیت سفارش #317472 ارسال شد (در حال انجام ← ارسال شده به انبار).","{""old"":""processing"",""new"":""pws-in-stock""}"
3427,"1405-06-23 11:59:18",موفق,سفارش,status_sent,317468,"پیام تغییر وضعیت سفارش #317468 ارسال شد (در حال انجام ← ارسال شده به انبار).","{""old"":""processing"",""new"":""pws-in-stock""}"
3426,"1405-06-23 11:59:18",موفق,سفارش,status_sent,317465,"پیام تغییر وضعیت سفارش #317465 ارسال شد (در حال انجام ← ارسال شده به انبار).","{""old"":""processing"",""new"":""pws-in-stock""}"
3425,"1405-06-23 11:59:14",موفق,سفارش,status_sent,317052,"پیام تغییر وضعیت سفارش #317052 ارسال شد (در حال انجام ← ارسال شده به انبار).","{""old"":""processing"",""new"":""pws-in-stock""}"
3424,"1405-06-23 11:59:13",موفق,سفارش,status_sent,317048,"پیام تغییر وضعیت سفارش #317048 ارسال شد (در حال انجام ← ارسال شده به انبار).","{""old"":""processing"",""new"":""pws-in-stock""}"
3423,"1405-06-23 11:59:12",موفق,سفارش,status_sent,317046,"پیام تغییر وضعیت سفارش #317046 ارسال شد (در حال انجام ← ارسال شده به انبار).","{""old"":""processing"",""new"":""pws-in-stock""}"
3422,"1405-06-23 11:59:11",موفق,سفارش,status_sent,317044,"پیام تغییر وضعیت سفارش #317044 ارسال شد (در حال انجام ← ارسال شده به انبار).","{""old"":""processing"",""new"":""pws-in-stock""}"
3421,"1405-06-23 11:59:10",موفق,سفارش,status_sent,317037,"پیام تغییر وضعیت سفارش #317037 ارسال شد (در حال انجام ← ارسال شده به انبار).","{""old"":""processing"",""new"":""pws-in-stock""}"
3420,"1405-06-23 11:59:06",موفق,سفارش,status_sent,317033,"پیام تغییر وضعیت سفارش #317033 ارسال شد (در حال انجام ← ارسال شده به انبار).","{""old"":""processing"",""new"":""pws-in-stock""}"
3419,"1405-06-23 11:59:05",موفق,سفارش,status_sent,317029,"پیام تغییر وضعیت سفارش #317029 ارسال شد (در حال انجام ← ارسال شده به انبار).","{""old"":""processing"",""new"":""pws-in-stock""}"
3418,"1405-06-23 11:59:04",موفق,سفارش,status_sent,317028,"پیام تغییر وضعیت سفارش #317028 ارسال شد (در حال انجام ← ارسال شده به انبار).","{""old"":""processing"",""new"":""pws-in-stock""}"
3417,"1405-06-23 11:59:03",موفق,سفارش,status_sent,317022,"پیام تغییر وضعیت سفارش #317022 ارسال شد (در حال انجام ← ارسال شده به انبار).","{""old"":""processing"",""new"":""pws-in-stock""}"
3416,"1405-06-23 11:59:02",موفق,سفارش,status_sent,317021,"پیام تغییر وضعیت سفارش #317021 ارسال شد (در حال انجام ← ارسال شده به انبار).","{""old"":""processing"",""new"":""pws-in-stock""}"
3415,"1405-06-23 11:58:58",موفق,سفارش,status_sent,317019,"پیام تغییر وضعیت سفارش #317019 ارسال شد (در حال انجام ← ارسال شده به انبار).","{""old"":""processing"",""new"":""pws-in-stock""}"
3414,"1405-06-23 11:58:58",موفق,سفارش,status_sent,317016,"پیام تغییر وضعیت سفارش #317016 ارسال شد (در حال انجام ← ارسال شده به انبار).","{""old"":""processing"",""new"":""pws-in-stock""}"
3413,"1405-06-23 11:58:56",موفق,سفارش,status_sent,317014,"پیام تغییر وضعیت سفارش #317014 ارسال شد (در حال انجام ← ارسال شده به انبار).","{""old"":""processing"",""new"":""pws-in-stock""}"
3412,"1405-06-23 11:58:55",موفق,سفارش,status_sent,317008,"پیام تغییر وضعیت سفارش #317008 ارسال شد (در حال انجام ← ارسال شده به انبار).","{""old"":""processing"",""new"":""pws-in-stock""}"
3411,"1405-06-23 11:58:55",موفق,سفارش,status_sent,316955,"پیام تغییر وضعیت سفارش #316955 ارسال شد (در حال انجام ← ارسال شده به انبار).","{""old"":""processing"",""new"":""pws-in-stock""}"
3410,"1405-06-23 11:57:20",موفق,سفارش,order_sent,319700,"پیام کامل سفارش #319700 به تلگرام ارسال شد.","{""chats"":[-1003853185157],""source"":""pending_flush""}"
3409,"1405-06-23 11:56:10",موفق,سفارش,order_sent,319701,"پیام کامل سفارش #319701 به تلگرام ارسال شد.","{""chats"":[-1003853185157],""source"":""pending_flush""}"
3408,"1405-06-23 11:55:29",اطلاعات,سفارش,order_pending,319702,"سفارش #319702 معوق شد: اقلام سفارش هنوز ثبت نشده.","{""missing"":[""اقلام سفارش""]}"
3407,"1405-06-23 11:54:57",اطلاعات,سفارش,order_pending,319701,"سفارش #319701 معوق شد: اقلام سفارش هنوز ثبت نشده.","{""missing"":[""اقلام سفارش""]}"
3406,"1405-06-23 11:54:52",اطلاعات,سفارش,order_pending,319700,"سفارش #319700 معوق شد: آدرس و اقلام سفارش هنوز ثبت نشده.","{""missing"":[""آدرس"",""اقلام سفارش""]}"
3405,"1405-06-23 11:54:24",اطلاعات,سفارش,order_pending,319699,"سفارش #319699 معوق شد: آدرس و اقلام سفارش هنوز ثبت نشده.","{""missing"":[""آدرس"",""اقلام سفارش""]}"
3404,"1405-06-23 11:53:33",اطلاعات,سفارش,order_pending,319698,"سفارش #319698 معوق شد: آدرس و اقلام سفارش هنوز ثبت نشده.","{""missing"":[""آدرس"",""اقلام سفارش""]}"
3403,"1405-06-23 11:52:15",موفق,سفارش,order_sent,319697,"پیام کامل سفارش #319697 به تلگرام ارسال شد.","{""chats"":[-1003853185157],""source"":""pending_flush""}"
3402,"1405-06-23 11:51:03",اطلاعات,سفارش,order_pending,319697,"سفارش #319697 معوق شد: اقلام سفارش هنوز ثبت نشده.","{""missing"":[""اقلام سفارش""]}"
3401,"1405-06-23 11:51:00",اطلاعات,سفارش,order_pending,319696,"سفارش #319696 معوق شد: آدرس و اقلام سفارش هنوز ثبت نشده.","{""missing"":[""آدرس"",""اقلام سفارش""]}"
3400,"1405-06-23 11:50:04",اطلاعات,سفارش,order_pending,319695,"سفارش #319695 معوق شد: آدرس و اقلام سفارش هنوز ثبت نشده.","{""missing"":[""آدرس"",""اقلام سفارش""]}"
3399,"1405-06-23 11:48:03",اطلاعات,سفارش,order_pending,319694,"سفارش #319694 معوق شد: آدرس و اقلام سفارش هنوز ثبت نشده.","{""missing"":[""آدرس"",""اقلام سفارش""]}"
3398,"1405-06-23 11:44:04",موفق,سفارش,order_sent,319692,"پیام کامل سفارش #319692 به تلگرام ارسال شد.","{""chats"":[-1003853185157],""source"":""pending_flush""}"
3397,"1405-06-23 11:42:31",اطلاعات,سفارش,order_pending,319692,"سفارش #319692 معوق شد: اقلام سفارش هنوز ثبت نشده.","{""missing"":[""اقلام سفارش""]}"
3396,"1405-06-23 11:28:08",اطلاعات,سفارش,order_pending,319679,"سفارش #319679 معوق شد: آدرس و اقلام سفارش هنوز ثبت نشده.","{""missing"":[""آدرس"",""اقلام سفارش""]}"
3395,"1405-06-23 11:26:10",اطلاعات,سفارش,order_pending,319678,"سفارش #319678 معوق شد: اقلام سفارش هنوز ثبت نشده.","{""missing"":[""اقلام سفارش""]}"
3394,"1405-06-23 11:20:39",موفق,سفارش,order_sent,319677,"پیام کامل سفارش #319677 به تلگرام ارسال شد.","{""chats"":[-1003853185157],""source"":""pending_flush""}"
3393,"1405-06-23 11:19:29",اطلاعات,سفارش,order_pending,319677,"سفارش #319677 معوق شد: اقلام سفارش هنوز ثبت نشده.","{""missing"":[""اقلام سفارش""]}"
3392,"1405-06-23 11:13:38",اطلاعات,سفارش,order_pending,319676,"سفارش #319676 معوق شد: آدرس و اقلام سفارش هنوز ثبت نشده.","{""missing"":[""آدرس"",""اقلام سفارش""]}"
3391,"1405-06-23 10:37:43",اطلاعات,سفارش,order_pending,319674,"سفارش #319674 معوق شد: آدرس و اقلام سفارش هنوز ثبت نشده.","{""missing"":[""آدرس"",""اقلام سفارش""]}"
3390,"1405-06-23 10:34:11",موفق,سفارش,order_sent,319673,"پیام کامل سفارش #319673 به تلگرام ارسال شد.","{""chats"":[-1003853185157],""source"":""pending_flush""}"
3389,"1405-06-23 10:32:20",اطلاعات,سفارش,order_pending,319673,"سفارش #319673 معوق شد: اقلام سفارش هنوز ثبت نشده.","{""missing"":[""اقلام سفارش""]}"
3388,"1405-06-23 10:19:42",موفق,سفارش,order_sent,319670,"پیام کامل سفارش #319670 به تلگرام ارسال شد.","{""chats"":[-1003853185157],""source"":""pending_flush""}"
3387,"1405-06-23 10:19:19",اطلاعات,سفارش,order_pending,319672,"سفارش #319672 معوق شد: اقلام سفارش هنوز ثبت نشده.","{""missing"":[""اقلام سفارش""]}"
3386,"1405-06-23 10:17:06",اطلاعات,سفارش,order_pending,319671,"سفارش #319671 معوق شد: اقلام سفارش هنوز ثبت نشده.","{""missing"":[""اقلام سفارش""]}"
3385,"1405-06-23 10:16:57",اطلاعات,سفارش,order_pending,319670,"سفارش #319670 معوق شد: آدرس و اقلام سفارش هنوز ثبت نشده.","{""missing"":[""آدرس"",""اقلام سفارش""]}"
3384,"1405-06-23 10:11:42",اطلاعات,سفارش,order_pending,319669,"سفارش #319669 معوق شد: آدرس و اقلام سفارش هنوز ثبت نشده.","{""missing"":[""آدرس"",""اقلام سفارش""]}"
3383,"1405-06-23 10:06:36",اطلاعات,سفارش,order_pending,319668,"سفارش #319668 معوق شد: آدرس و اقلام سفارش هنوز ثبت نشده.","{""missing"":[""آدرس"",""اقلام سفارش""]}"
3382,"1405-06-23 09:56:48",اطلاعات,سفارش,order_pending,319667,"سفارش #319667 معوق شد: آدرس و اقلام سفارش هنوز ثبت نشده.","{""missing"":[""آدرس"",""اقلام سفارش""]}"
3381,"1405-06-23 09:50:15",موفق,سفارش,order_sent,319665,"پیام کامل سفارش #319665 به تلگرام ارسال شد.","{""chats"":[-1003853185157],""source"":""pending_flush""}"
3380,"1405-06-23 09:48:20",اطلاعات,سفارش,order_pending,319666,"سفارش #319666 معوق شد: آدرس و اقلام سفارش هنوز ثبت نشده.","{""missing"":[""آدرس"",""اقلام سفارش""]}"
3379,"1405-06-23 09:48:17",اطلاعات,سفارش,order_pending,319665,"سفارش #319665 معوق شد: اقلام سفارش هنوز ثبت نشده.","{""missing"":[""اقلام سفارش""]}"
3378,"1405-06-23 09:08:13",اطلاعات,سفارش,order_pending,319658,"سفارش #319658 معوق شد: اقلام سفارش هنوز ثبت نشده.","{""missing"":[""اقلام سفارش""]}"
3377,"1405-06-23 08:49:26",اطلاعات,سفارش,order_pending,319657,"سفارش #319657 معوق شد: آدرس و اقلام سفارش هنوز ثبت نشده.","{""missing"":[""آدرس"",""اقلام سفارش""]}"
3376,"1405-06-23 08:25:30",اطلاعات,سفارش,order_pending,319656,"سفارش #319656 معوق شد: آدرس و اقلام سفارش هنوز ثبت نشده.","{""missing"":[""آدرس"",""اقلام سفارش""]}"
3375,"1405-06-23 07:29:11",موفق,سفارش,order_sent,319655,"پیام کامل سفارش #319655 به تلگرام ارسال شد.","{""chats"":[-1003853185157],""source"":""pending_flush""}"
3374,"1405-06-23 07:27:20",اطلاعات,سفارش,order_pending,319655,"سفارش #319655 معوق شد: اقلام سفارش هنوز ثبت نشده.","{""missing"":[""اقلام سفارش""]}"
3373,"1405-06-23 07:05:31",موفق,سفارش,order_sent,319653,"پیام کامل سفارش #319653 به تلگرام ارسال شد.","{""chats"":[-1003853185157],""source"":""pending_flush""}"
3372,"1405-06-23 07:02:56",اطلاعات,سفارش,order_pending,319654,"سفارش #319654 معوق شد: اقلام سفارش هنوز ثبت نشده.","{""missing"":[""اقلام سفارش""]}"
3371,"1405-06-23 06:57:02",اطلاعات,سفارش,order_pending,319653,"سفارش #319653 معوق شد: آدرس و اقلام سفارش هنوز ثبت نشده.","{""missing"":[""آدرس"",""اقلام سفارش""]}"
3370,"1405-06-23 06:08:49",اطلاعات,سفارش,order_pending,319652,"سفارش #319652 معوق شد: آدرس و اقلام سفارش هنوز ثبت نشده.","{""missing"":[""آدرس"",""اقلام سفارش""]}"
3369,"1405-06-23 03:23:09",موفق,سفارش,order_sent,319650,"پیام کامل سفارش #319650 به تلگرام ارسال شد.","{""chats"":[-1003853185157],""source"":""pending_flush""}"
3368,"1405-06-23 03:07:31",اطلاعات,سفارش,order_pending,319651,"سفارش #319651 معوق شد: اقلام سفارش هنوز ثبت نشده.","{""missing"":[""اقلام سفارش""]}"
3367,"1405-06-23 03:06:05",اطلاعات,سفارش,order_pending,319650,"سفارش #319650 معوق شد: اقلام سفارش هنوز ثبت نشده.","{""missing"":[""اقلام سفارش""]}"
3366,"1405-06-23 02:40:37",اطلاعات,سفارش,order_pending,319649,"سفارش #319649 معوق شد: اقلام سفارش هنوز ثبت نشده.","{""missing"":[""اقلام سفارش""]}"
3365,"1405-06-23 02:27:10",موفق,سفارش,order_sent,319648,"پیام کامل سفارش #319648 به تلگرام ارسال شد.","{""chats"":[-1003853185157],""source"":""pending_flush""}"
3364,"1405-06-23 02:24:06",اطلاعات,سفارش,order_pending,319648,"سفارش #319648 معوق شد: اقلام سفارش هنوز ثبت نشده.","{""missing"":[""اقلام سفارش""]}"
3363,"1405-06-23 02:22:12",اطلاعات,سفارش,order_pending,319647,"سفارش #319647 معوق شد: آدرس و اقلام سفارش هنوز ثبت نشده.","{""missing"":[""آدرس"",""اقلام سفارش""]}"
3362,"1405-06-23 02:18:48",اطلاعات,سفارش,order_pending,319646,"سفارش #319646 معوق شد: آدرس و اقلام سفارش هنوز ثبت نشده.","{""missing"":[""آدرس"",""اقلام سفارش""]}"
3361,"1405-06-23 02:18:16",اطلاعات,سفارش,order_pending,319645,"سفارش #319645 معوق شد: آدرس و اقلام سفارش هنوز ثبت نشده.","{""missing"":[""آدرس"",""اقلام سفارش""]}"
3360,"1405-06-23 02:17:24",اطلاعات,سفارش,order_pending,319644,"سفارش #319644 معوق شد: آدرس و اقلام سفارش هنوز ثبت نشده.","{""missing"":[""آدرس"",""اقلام سفارش""]}"
3359,"1405-06-23 02:14:37",موفق,سفارش,order_sent,319643,"پیام کامل سفارش #319643 به تلگرام ارسال شد.","{""chats"":[-1003853185157],""source"":""pending_flush""}"
3358,"1405-06-23 02:12:55",اطلاعات,سفارش,order_pending,319643,"سفارش #319643 معوق شد: اقلام سفارش هنوز ثبت نشده.","{""missing"":[""اقلام سفارش""]}"
3357,"1405-06-23 01:21:51",موفق,سفارش,order_sent,319635,"پیام کامل سفارش #319635 به تلگرام ارسال شد.","{""chats"":[-1003853185157],""source"":""pending_flush""}"
3356,"1405-06-23 01:21:36",اطلاعات,سفارش,order_pending,319637,"سفارش #319637 معوق شد: اقلام سفارش هنوز ثبت نشده.","{""missing"":[""اقلام سفارش""]}"
3355,"1405-06-23 01:17:46",اطلاعات,سفارش,order_pending,319635,"سفارش #319635 معوق شد: اقلام سفارش هنوز ثبت نشده.","{""missing"":[""اقلام سفارش""]}"
3354,"1405-06-23 01:11:21",اطلاعات,سفارش,order_pending,319633,"سفارش #319633 معوق شد: آدرس و اقلام سفارش هنوز ثبت نشده.","{""missing"":[""آدرس"",""اقلام سفارش""]}"
3353,"1405-06-23 01:05:22",موفق,سفارش,order_sent,319631,"پیام کامل سفارش #319631 به تلگرام ارسال شد.","{""chats"":[-1003853185157],""source"":""pending_flush""}"
3352,"1405-06-23 01:04:03",موفق,سفارش,order_sent,319613,"پیام کامل سفارش #319613 به تلگرام ارسال شد.","{""chats"":[-1003853185157],""source"":""pending_flush""}"
3351,"1405-06-23 01:03:26",اطلاعات,سفارش,order_pending,319631,"سفارش #319631 معوق شد: اقلام سفارش هنوز ثبت نشده.","{""missing"":[""اقلام سفارش""]}"
3350,"1405-06-23 00:54:36",اطلاعات,سفارش,order_pending,319630,"سفارش #319630 معوق شد: آدرس و اقلام سفارش هنوز ثبت نشده.","{""missing"":[""آدرس"",""اقلام سفارش""]}"
3349,"1405-06-23 00:53:34",اطلاعات,سفارش,order_pending,319613,"سفارش #319613 معوق شد: آدرس هنوز ثبت نشده.","{""missing"":[""آدرس""]}"
3348,"1405-06-23 00:43:54",اطلاعات,سفارش,order_pending,319627,"سفارش #319627 معوق شد: آدرس و اقلام سفارش هنوز ثبت نشده.","{""missing"":[""آدرس"",""اقلام سفارش""]}"
3347,"1405-06-23 00:29:48",موفق,سفارش,order_sent,319611,"پیام کامل سفارش #319611 به تلگرام ارسال شد.","{""chats"":[-1003853185157],""source"":""pending_flush""}"
3346,"1405-06-23 00:27:37",اطلاعات,سفارش,order_pending,319611,"سفارش #319611 معوق شد: اقلام سفارش هنوز ثبت نشده.","{""missing"":[""اقلام سفارش""]}"
3345,"1405-06-23 00:20:19",موفق,سفارش,status_sent,319259,"پیام تغییر وضعیت سفارش #319259 ارسال شد (در حال انجام ← مسترد شده).","{""old"":""processing"",""new"":""refunded""}"
3344,"1405-06-22 23:59:11",اطلاعات,سفارش,order_pending,319590,"سفارش #319590 معوق شد: اقلام سفارش هنوز ثبت نشده.","{""missing"":[""اقلام سفارش""]}"
3343,"1405-06-22 23:59:05",موفق,"گزارش روزانه",pinned,0,"گزارش روزانه در 1 چت سنجاق شد.","{""chats"":[-1003853185157]}"
3342,"1405-06-22 23:59:03",موفق,"گزارش روزانه",report_sent,0,"گزارش روزانه با 255 سفارش ارسال شد.","{""orders"":255,""from"":1789244967,""to"":1789331340,""manual"":false,""chats"":[-1003853185157]}"
3341,"1405-06-22 23:43:51",موفق,سفارش,status_sent,319412,"پیام تغییر وضعیت سفارش #319412 ارسال شد (در انتظار بررسی ← لغو شده).","{""old"":""on-hold"",""new"":""cancelled""}"
3340,"1405-06-22 23:43:17",موفق,سفارش,status_sent,319436,"پیام تغییر وضعیت سفارش #319436 ارسال شد (در انتظار بررسی ← لغو شده).","{""old"":""on-hold"",""new"":""cancelled""}"
3339,"1405-06-22 23:43:11",موفق,سفارش,status_sent,319434,"پیام تغییر وضعیت سفارش #319434 ارسال شد (در انتظار بررسی ← لغو شده).","{""old"":""on-hold"",""new"":""cancelled""}"
3338,"1405-06-22 23:42:54",موفق,سفارش,status_sent,319431,"پیام تغییر وضعیت سفارش #319431 ارسال شد (در انتظار بررسی ← لغو شده).","{""old"":""on-hold"",""new"":""cancelled""}"
3337,"1405-06-22 23:42:38",موفق,سفارش,status_sent,319428,"پیام تغییر وضعیت سفارش #319428 ارسال شد (در انتظار بررسی ← لغو شده).","{""old"":""on-hold"",""new"":""cancelled""}"
3336,"1405-06-22 23:42:21",موفق,سفارش,status_sent,319425,"پیام تغییر وضعیت سفارش #319425 ارسال شد (در انتظار بررسی ← لغو شده).","{""old"":""on-hold"",""new"":""cancelled""}"
3335,"1405-06-22 23:42:10",موفق,سفارش,status_sent,319423,"پیام تغییر وضعیت سفارش #319423 ارسال شد (در انتظار بررسی ← لغو شده).","{""old"":""on-hold"",""new"":""cancelled""}"
3334,"1405-06-22 23:42:04",موفق,سفارش,status_sent,319422,"پیام تغییر وضعیت سفارش #319422 ارسال شد (در انتظار بررسی ← لغو شده).","{""old"":""on-hold"",""new"":""cancelled""}"
3333,"1405-06-22 23:41:53",موفق,سفارش,status_sent,319420,"پیام تغییر وضعیت سفارش #319420 ارسال شد (در انتظار بررسی ← لغو شده).","{""old"":""on-hold"",""new"":""cancelled""}"
3332,"1405-06-22 23:41:37",موفق,سفارش,status_sent,319416,"پیام تغییر وضعیت سفارش #319416 ارسال شد (در انتظار بررسی ← لغو شده).","{""old"":""on-hold"",""new"":""cancelled""}"
3331,"1405-06-22 23:41:31",موفق,سفارش,status_sent,319414,"پیام تغییر وضعیت سفارش #319414 ارسال شد (در انتظار بررسی ← لغو شده).","{""old"":""on-hold"",""new"":""cancelled""}"
3330,"1405-06-22 23:41:18",موفق,سفارش,status_sent,319568,"پیام تغییر وضعیت سفارش #319568 ارسال شد (درحال بررسی رسید ← در حال انجام).","{""old"":""receipt-approval"",""new"":""processing""}"
3329,"1405-06-22 23:41:17",موفق,سفارش,status_sent,319557,"پیام تغییر وضعیت سفارش #319557 ارسال شد (درحال بررسی رسید ← در حال انجام).","{""old"":""receipt-approval"",""new"":""processing""}"
3328,"1405-06-22 23:40:57",موفق,سفارش,status_sent,319459,"پیام تغییر وضعیت سفارش #319459 ارسال شد (در انتظار بررسی ← لغو شده).","{""old"":""on-hold"",""new"":""cancelled""}"
3327,"1405-06-22 23:40:51",موفق,سفارش,status_sent,319456,"پیام تغییر وضعیت سفارش #319456 ارسال شد (در انتظار بررسی ← لغو شده).","{""old"":""on-hold"",""new"":""cancelled""}"
3326,"1405-06-22 23:40:45",موفق,سفارش,status_sent,319455,"پیام تغییر وضعیت سفارش #319455 ارسال شد (در انتظار بررسی ← لغو شده).","{""old"":""on-hold"",""new"":""cancelled""}"
3325,"1405-06-22 23:40:39",موفق,سفارش,status_sent,319454,"پیام تغییر وضعیت سفارش #319454 ارسال شد (در انتظار بررسی ← لغو شده).","{""old"":""on-hold"",""new"":""cancelled""}"
3324,"1405-06-22 23:40:27",موفق,سفارش,status_sent,319452,"پیام تغییر وضعیت سفارش #319452 ارسال شد (در انتظار بررسی ← لغو شده).","{""old"":""on-hold"",""new"":""cancelled""}"
3323,"1405-06-22 23:40:21",موفق,سفارش,status_sent,319451,"پیام تغییر وضعیت سفارش #319451 ارسال شد (در انتظار بررسی ← لغو شده).","{""old"":""on-hold"",""new"":""cancelled""}"
3322,"1405-06-22 23:40:10",موفق,سفارش,status_sent,319449,"پیام تغییر وضعیت سفارش #319449 ارسال شد (در انتظار بررسی ← لغو شده).","{""old"":""on-hold"",""new"":""cancelled""}"
3321,"1405-06-22 23:40:04",موفق,سفارش,status_sent,319448,"پیام تغییر وضعیت سفارش #319448 ارسال شد (در انتظار بررسی ← لغو شده).","{""old"":""on-hold"",""new"":""cancelled""}"
3320,"1405-06-22 23:39:42",موفق,سفارش,status_sent,319444,"پیام تغییر وضعیت سفارش #319444 ارسال شد (در انتظار بررسی ← لغو شده).","{""old"":""on-hold"",""new"":""cancelled""}"
3319,"1405-06-22 23:39:36",موفق,سفارش,status_sent,319443,"پیام تغییر وضعیت سفارش #319443 ارسال شد (در انتظار بررسی ← لغو شده).","{""old"":""on-hold"",""new"":""cancelled""}"
3318,"1405-06-22 23:39:24",موفق,سفارش,status_sent,319441,"پیام تغییر وضعیت سفارش #319441 ارسال شد (در انتظار بررسی ← لغو شده).","{""old"":""on-hold"",""new"":""cancelled""}"
3317,"1405-06-22 23:39:12",موفق,سفارش,status_sent,319438,"پیام تغییر وضعیت سفارش #319438 ارسال شد (در انتظار بررسی ← لغو شده).","{""old"":""on-hold"",""new"":""cancelled""}"
3316,"1405-06-22 23:38:42",اطلاعات,سفارش,order_pending,319582,"سفارش #319582 معوق شد: آدرس و اقلام سفارش هنوز ثبت نشده.","{""missing"":[""آدرس"",""اقلام سفارش""]}"
3315,"1405-06-22 23:35:43",اطلاعات,سفارش,order_pending,319580,"سفارش #319580 معوق شد: آدرس و اقلام سفارش هنوز ثبت نشده.","{""missing"":[""آدرس"",""اقلام سفارش""]}"
3314,"1405-06-22 23:35:07",اطلاعات,سفارش,order_pending,319579,"سفارش #319579 معوق شد: آدرس و اقلام سفارش هنوز ثبت نشده.","{""missing"":[""آدرس"",""اقلام سفارش""]}"
3313,"1405-06-22 23:31:18",اطلاعات,سفارش,order_pending,319577,"سفارش #319577 معوق شد: اقلام سفارش هنوز ثبت نشده.","{""missing"":[""اقلام سفارش""]}"
3312,"1405-06-22 23:29:24",اطلاعات,سفارش,order_pending,319576,"سفارش #319576 معوق شد: آدرس و اقلام سفارش هنوز ثبت نشده.","{""missing"":[""آدرس"",""اقلام سفارش""]}"
3311,"1405-06-22 23:24:15",موفق,سفارش,order_sent,319575,"پیام کامل سفارش #319575 به تلگرام ارسال شد.","{""chats"":[-1003853185157],""source"":""pending_flush""}"
3310,"1405-06-22 23:21:43",اطلاعات,سفارش,order_pending,319575,"سفارش #319575 معوق شد: اقلام سفارش هنوز ثبت نشده.","{""missing"":[""اقلام سفارش""]}"
3309,"1405-06-22 23:16:37",موفق,سفارش,order_sent,319574,"پیام کامل سفارش #319574 به تلگرام ارسال شد.","{""chats"":[-1003853185157],""source"":""pending_flush""}"
3308,"1405-06-22 23:14:09",اطلاعات,سفارش,order_pending,319574,"سفارش #319574 معوق شد: اقلام سفارش هنوز ثبت نشده.","{""missing"":[""اقلام سفارش""]}"
3307,"1405-06-22 23:14:03",اطلاعات,سفارش,order_pending,319573,"سفارش #319573 معوق شد: آدرس و اقلام سفارش هنوز ثبت نشده.","{""missing"":[""آدرس"",""اقلام سفارش""]}"
3306,"1405-06-22 23:13:59",موفق,سفارش,order_sent,319570,"پیام کامل سفارش #319570 به تلگرام ارسال شد.","{""chats"":[-1003853185157],""source"":""pending_flush""}"
3305,"1405-06-22 23:04:57",اطلاعات,سفارش,order_pending,319572,"سفارش #319572 معوق شد: آدرس و اقلام سفارش هنوز ثبت نشده.","{""missing"":[""آدرس"",""اقلام سفارش""]}"
3304,"1405-06-22 23:04:20",موفق,سفارش,status_sent,319568,"پیام تغییر وضعیت سفارش #319568 ارسال شد (در انتظار پرداخت ← درحال بررسی رسید).","{""old"":""pending"",""new"":""receipt-approval""}"
3303,"1405-06-22 23:03:26",اطلاعات,سفارش,order_pending,319570,"سفارش #319570 معوق شد: آدرس و اقلام سفارش هنوز ثبت نشده.","{""missing"":[""آدرس"",""اقلام سفارش""]}"
3302,"1405-06-22 22:55:56",اطلاعات,سفارش,order_pending,319569,"سفارش #319569 معوق شد: آدرس و اقلام سفارش هنوز ثبت نشده.","{""missing"":[""آدرس"",""اقلام سفارش""]}"
3301,"1405-06-22 22:54:51",موفق,سفارش,order_sent,319568,"پیام کامل سفارش #319568 به تلگرام ارسال شد.","{""chats"":[-1003853185157],""source"":""pending_flush""}"
3300,"1405-06-22 22:54:43",اطلاعات,سفارش,order_pending,319568,"سفارش #319568 معوق شد: اقلام سفارش هنوز ثبت نشده.","{""missing"":[""اقلام سفارش""]}"
3299,"1405-06-22 22:44:57",اطلاعات,سفارش,order_pending,319567,"سفارش #319567 معوق شد: آدرس و اقلام سفارش هنوز ثبت نشده.","{""missing"":[""آدرس"",""اقلام سفارش""]}"
3298,"1405-06-22 22:43:02",اطلاعات,سفارش,order_pending,319566,"سفارش #319566 معوق شد: آدرس و اقلام سفارش هنوز ثبت نشده.","{""missing"":[""آدرس"",""اقلام سفارش""]}"
3297,"1405-06-22 22:41:20",موفق,سفارش,order_sent,319565,"پیام کامل سفارش #319565 به تلگرام ارسال شد.","{""chats"":[-1003853185157],""source"":""pending_flush""}"
3296,"1405-06-22 22:36:42",اطلاعات,سفارش,order_pending,319565,"سفارش #319565 معوق شد: اقلام سفارش هنوز ثبت نشده.","{""missing"":[""اقلام سفارش""]}"
3295,"1405-06-22 22:33:20",موفق,سفارش,order_sent,319562,"پیام کامل سفارش #319562 به تلگرام ارسال شد.","{""chats"":[-1003853185157],""source"":""pending_flush""}"
3294,"1405-06-22 22:33:12",اطلاعات,سفارش,order_pending,319564,"سفارش #319564 معوق شد: اقلام سفارش هنوز ثبت نشده.","{""missing"":[""اقلام سفارش""]}"
3293,"1405-06-22 22:33:12",اطلاعات,سفارش,order_pending,319563,"سفارش #319563 معوق شد: آدرس و اقلام سفارش هنوز ثبت نشده.","{""missing"":[""آدرس"",""اقلام سفارش""]}"
3292,"1405-06-22 22:32:24",اطلاعات,سفارش,order_pending,319562,"سفارش #319562 معوق شد: اقلام سفارش هنوز ثبت نشده.","{""missing"":[""اقلام سفارش""]}"
3291,"1405-06-22 22:32:04",موفق,سفارش,order_sent,319560,"پیام کامل سفارش #319560 به تلگرام ارسال شد.","{""chats"":[-1003853185157],""source"":""pending_flush""}"
3290,"1405-06-22 22:31:29",اطلاعات,سفارش,order_pending,319561,"سفارش #319561 معوق شد: آدرس و اقلام سفارش هنوز ثبت نشده.","{""missing"":[""آدرس"",""اقلام سفارش""]}"
3289,"1405-06-22 22:30:09",اطلاعات,سفارش,order_pending,319560,"سفارش #319560 معوق شد: اقلام سفارش هنوز ثبت نشده.","{""missing"":[""اقلام سفارش""]}"
3288,"1405-06-22 22:29:55",موفق,سفارش,order_sent,319559,"پیام کامل سفارش #319559 به تلگرام ارسال شد.","{""chats"":[-1003853185157],""source"":""pending_flush""}"
3287,"1405-06-22 22:29:11",اطلاعات,سفارش,order_pending,319559,"سفارش #319559 معوق شد: اقلام سفارش هنوز ثبت نشده.","{""missing"":[""اقلام سفارش""]}"
3286,"1405-06-22 22:26:09",موفق,سفارش,order_sent,319557,"پیام کامل سفارش #319557 به تلگرام ارسال شد.","{""chats"":[-1003853185157],""source"":""pending_flush""}"
3285,"1405-06-22 22:25:04",موفق,سفارش,order_sent,319556,"پیام کامل سفارش #319556 به تلگرام ارسال شد.","{""chats"":[-1003853185157],""source"":""pending_flush""}"
3284,"1405-06-22 22:22:59",اطلاعات,سفارش,order_pending,319557,"سفارش #319557 معوق شد: اقلام سفارش هنوز ثبت نشده.","{""missing"":[""اقلام سفارش""]}"
3283,"1405-06-22 22:22:06",اطلاعات,سفارش,order_pending,319556,"سفارش #319556 معوق شد: اقلام سفارش هنوز ثبت نشده.","{""missing"":[""اقلام سفارش""]}"
3282,"1405-06-22 22:17:26",اطلاعات,سفارش,order_pending,319555,"سفارش #319555 معوق شد: آدرس و اقلام سفارش هنوز ثبت نشده.","{""missing"":[""آدرس"",""اقلام سفارش""]}"
3281,"1405-06-22 22:00:48",موفق,سفارش,order_sent,319554,"پیام کامل سفارش #319554 به تلگرام ارسال شد.","{""chats"":[-1003853185157],""source"":""pending_flush""}"
3280,"1405-06-22 21:52:18",اطلاعات,سفارش,order_pending,319554,"سفارش #319554 معوق شد: اقلام سفارش هنوز ثبت نشده.","{""missing"":[""اقلام سفارش""]}"
3279,"1405-06-22 21:49:58",اطلاعات,سفارش,order_pending,319553,"سفارش #319553 معوق شد: اقلام سفارش هنوز ثبت نشده.","{""missing"":[""اقلام سفارش""]}"
3278,"1405-06-22 21:46:35",اطلاعات,سفارش,order_pending,319552,"سفارش #319552 معوق شد: آدرس و اقلام سفارش هنوز ثبت نشده.","{""missing"":[""آدرس"",""اقلام سفارش""]}"
3277,"1405-06-22 21:34:33",اطلاعات,سفارش,order_pending,319549,"سفارش #319549 معوق شد: آدرس و اقلام سفارش هنوز ثبت نشده.","{""missing"":[""آدرس"",""اقلام سفارش""]}"
3276,"1405-06-22 21:32:33",اطلاعات,سفارش,order_pending,319548,"سفارش #319548 معوق شد: اقلام سفارش هنوز ثبت نشده.","{""missing"":[""اقلام سفارش""]}"
3275,"1405-06-22 21:31:25",اطلاعات,سفارش,order_pending,319547,"سفارش #319547 معوق شد: آدرس و اقلام سفارش هنوز ثبت نشده.","{""missing"":[""آدرس"",""اقلام سفارش""]}"
3274,"1405-06-22 21:22:59",اطلاعات,سفارش,order_pending,319541,"سفارش #319541 معوق شد: آدرس و اقلام سفارش هنوز ثبت نشده.","{""missing"":[""آدرس"",""اقلام سفارش""]}"
3273,"1405-06-22 21:22:44",اطلاعات,سفارش,order_pending,319540,"سفارش #319540 معوق شد: اقلام سفارش هنوز ثبت نشده.","{""missing"":[""اقلام سفارش""]}"
3272,"1405-06-22 21:19:02",موفق,سفارش,order_sent,319539,"پیام کامل سفارش #319539 به تلگرام ارسال شد.","{""chats"":[-1003853185157],""source"":""pending_flush""}"
3271,"1405-06-22 21:17:18",اطلاعات,سفارش,order_pending,319539,"سفارش #319539 معوق شد: اقلام سفارش هنوز ثبت نشده.","{""missing"":[""اقلام سفارش""]}"
3270,"1405-06-22 21:12:03",موفق,سفارش,order_sent,319538,"پیام کامل سفارش #319538 به تلگرام ارسال شد.","{""chats"":[-1003853185157],""source"":""pending_flush""}"
3269,"1405-06-22 21:10:51",اطلاعات,سفارش,order_pending,319538,"سفارش #319538 معوق شد: اقلام سفارش هنوز ثبت نشده.","{""missing"":[""اقلام سفارش""]}"
3268,"1405-06-22 20:54:17",اطلاعات,سفارش,order_pending,319537,"سفارش #319537 معوق شد: آدرس و اقلام سفارش هنوز ثبت نشده.","{""missing"":[""آدرس"",""اقلام سفارش""]}"
3267,"1405-06-22 20:54:01",موفق,سفارش,order_sent,319536,"پیام کامل سفارش #319536 به تلگرام ارسال شد.","{""chats"":[-1003853185157],""source"":""pending_flush""}"
3266,"1405-06-22 20:50:38",اطلاعات,سفارش,order_pending,319536,"سفارش #319536 معوق شد: اقلام سفارش هنوز ثبت نشده.","{""missing"":[""اقلام سفارش""]}"
3265,"1405-06-22 20:49:58",موفق,سفارش,order_sent,319535,"پیام کامل سفارش #319535 به تلگرام ارسال شد.","{""chats"":[-1003853185157],""source"":""pending_flush""}"
3264,"1405-06-22 20:47:45",اطلاعات,سفارش,order_pending,319535,"سفارش #319535 معوق شد: اقلام سفارش هنوز ثبت نشده.","{""missing"":[""اقلام سفارش""]}"
3263,"1405-06-22 20:32:19",اطلاعات,سفارش,order_pending,319534,"سفارش #319534 معوق شد: آدرس و اقلام سفارش هنوز ثبت نشده.","{""missing"":[""آدرس"",""اقلام سفارش""]}"
3262,"1405-06-22 20:31:02",موفق,سفارش,order_sent,319533,"پیام کامل سفارش #319533 به تلگرام ارسال شد.","{""chats"":[-1003853185157],""source"":""pending_flush""}"
3261,"1405-06-22 20:23:58",موفق,سفارش,order_sent,319532,"پیام کامل سفارش #319532 به تلگرام ارسال شد.","{""chats"":[-1003853185157],""source"":""pending_flush""}"
3260,"1405-06-22 20:23:25",اطلاعات,سفارش,order_pending,319533,"سفارش #319533 معوق شد: اقلام سفارش هنوز ثبت نشده.","{""missing"":[""اقلام سفارش""]}"
3259,"1405-06-22 20:20:19",اطلاعات,سفارش,order_pending,319532,"سفارش #319532 معوق شد: آدرس و اقلام سفارش هنوز ثبت نشده.","{""missing"":[""آدرس"",""اقلام سفارش""]}"
3258,"1405-06-22 20:10:05",موفق,سفارش,order_sent,319529,"پیام کامل سفارش #319529 به تلگرام ارسال شد.","{""chats"":[-1003853185157],""source"":""pending_flush""}"
3257,"1405-06-22 20:09:03",اطلاعات,سفارش,order_pending,319531,"سفارش #319531 معوق شد: آدرس و اقلام سفارش هنوز ثبت نشده.","{""missing"":[""آدرس"",""اقلام سفارش""]}"
3256,"1405-06-22 19:58:32",اطلاعات,سفارش,order_pending,319530,"سفارش #319530 معوق شد: آدرس و اقلام سفارش هنوز ثبت نشده.","{""missing"":[""آدرس"",""اقلام سفارش""]}"
3255,"1405-06-22 19:57:50",اطلاعات,سفارش,order_pending,319529,"سفارش #319529 معوق شد: آدرس و اقلام سفارش هنوز ثبت نشده.","{""missing"":[""آدرس"",""اقلام سفارش""]}"
3254,"1405-06-22 19:57:09",موفق,سفارش,order_sent,319527,"پیام کامل سفارش #319527 به تلگرام ارسال شد.","{""chats"":[-1003853185157],""source"":""pending_flush""}"
3253,"1405-06-22 19:56:00",موفق,موجودی,alert_sent,0,"1 اعلان موجودی ارسال شد.","{""product_ids"":[197307],""chats"":[-1003853185157]}"
3252,"1405-06-22 19:55:59",موفق,سفارش,order_sent,319528,"پیام کامل سفارش #319528 به تلگرام ارسال شد.","{""chats"":[-1003853185157],""source"":""pending_flush""}"
3251,"1405-06-22 19:55:07",اطلاعات,سفارش,order_pending,319528,"سفارش #319528 معوق شد: اقلام سفارش هنوز ثبت نشده.","{""missing"":[""اقلام سفارش""]}"
3250,"1405-06-22 19:53:59",اطلاعات,سفارش,order_pending,319527,"سفارش #319527 معوق شد: اقلام سفارش هنوز ثبت نشده.","{""missing"":[""اقلام سفارش""]}"
3249,"1405-06-22 19:52:48",اطلاعات,سفارش,order_pending,319526,"سفارش #319526 معوق شد: آدرس و اقلام سفارش هنوز ثبت نشده.","{""missing"":[""آدرس"",""اقلام سفارش""]}"
3248,"1405-06-22 19:44:18",اطلاعات,سفارش,order_pending,319525,"سفارش #319525 معوق شد: آدرس و اقلام سفارش هنوز ثبت نشده.","{""missing"":[""آدرس"",""اقلام سفارش""]}"
3247,"1405-06-22 19:42:59",موفق,سفارش,order_sent,319523,"پیام کامل سفارش #319523 به تلگرام ارسال شد.","{""chats"":[-1003853185157],""source"":""pending_flush""}"
3246,"1405-06-22 19:41:57",اطلاعات,سفارش,order_pending,319524,"سفارش #319524 معوق شد: آدرس و اقلام سفارش هنوز ثبت نشده.","{""missing"":[""آدرس"",""اقلام سفارش""]}"
3245,"1405-06-22 19:41:08",اطلاعات,سفارش,order_pending,319523,"سفارش #319523 معوق شد: اقلام سفارش هنوز ثبت نشده.","{""missing"":[""اقلام سفارش""]}"
3244,"1405-06-22 19:40:59",موفق,سفارش,order_sent,319522,"پیام کامل سفارش #319522 به تلگرام ارسال شد.","{""chats"":[-1003853185157],""source"":""pending_flush""}"
3243,"1405-06-22 19:37:54",اطلاعات,سفارش,order_pending,319522,"سفارش #319522 معوق شد: اقلام سفارش هنوز ثبت نشده.","{""missing"":[""اقلام سفارش""]}"
3242,"1405-06-22 19:35:58",موفق,سفارش,order_sent,319521,"پیام کامل سفارش #319521 به تلگرام ارسال شد.","{""chats"":[-1003853185157],""source"":""pending_flush""}"
3241,"1405-06-22 19:34:24",اطلاعات,سفارش,order_pending,319521,"سفارش #319521 معوق شد: اقلام سفارش هنوز ثبت نشده.","{""missing"":[""اقلام سفارش""]}"
3240,"1405-06-22 19:29:44",اطلاعات,سفارش,order_pending,319520,"سفارش #319520 معوق شد: آدرس و اقلام سفارش هنوز ثبت نشده.","{""missing"":[""آدرس"",""اقلام سفارش""]}"
3239,"1405-06-22 19:22:52",اطلاعات,سفارش,order_pending,319518,"سفارش #319518 معوق شد: آدرس و اقلام سفارش هنوز ثبت نشده.","{""missing"":[""آدرس"",""اقلام سفارش""]}"
3238,"1405-06-22 19:11:07",اطلاعات,سفارش,order_pending,319517,"سفارش #319517 معوق شد: اقلام سفارش هنوز ثبت نشده.","{""missing"":[""اقلام سفارش""]}"
3237,"1405-06-22 19:08:13",اطلاعات,سفارش,order_pending,319516,"سفارش #319516 معوق شد: آدرس و اقلام سفارش هنوز ثبت نشده.","{""missing"":[""آدرس"",""اقلام سفارش""]}"
3236,"1405-06-22 19:06:33",موفق,سفارش,order_sent,319515,"پیام کامل سفارش #319515 به تلگرام ارسال شد.","{""chats"":[-1003853185157],""source"":""pending_flush""}"
3235,"1405-06-22 19:05:10",اطلاعات,سفارش,order_pending,319515,"سفارش #319515 معوق شد: آدرس و اقلام سفارش هنوز ثبت نشده.","{""missing"":[""آدرس"",""اقلام سفارش""]}"
3234,"1405-06-22 18:58:54",اطلاعات,سفارش,order_pending,319514,"سفارش #319514 معوق شد: اقلام سفارش هنوز ثبت نشده.","{""missing"":[""اقلام سفارش""]}"
3233,"1405-06-22 18:53:10",اطلاعات,سفارش,order_pending,319513,"سفارش #319513 معوق شد: آدرس و اقلام سفارش هنوز ثبت نشده.","{""missing"":[""آدرس"",""اقلام سفارش""]}"
3232,"1405-06-22 18:52:57",اطلاعات,سفارش,order_pending,319512,"سفارش #319512 معوق شد: آدرس و اقلام سفارش هنوز ثبت نشده.","{""missing"":[""آدرس"",""اقلام سفارش""]}"
3231,"1405-06-22 18:51:28",اطلاعات,سفارش,order_pending,319511,"سفارش #319511 معوق شد: آدرس و اقلام سفارش هنوز ثبت نشده.","{""missing"":[""آدرس"",""اقلام سفارش""]}"
3230,"1405-06-22 18:47:43",اطلاعات,سفارش,order_pending,319510,"سفارش #319510 معوق شد: آدرس و اقلام سفارش هنوز ثبت نشده.","{""missing"":[""آدرس"",""اقلام سفارش""]}"
3229,"1405-06-22 18:37:47",اطلاعات,سفارش,order_pending,319506,"سفارش #319506 معوق شد: اقلام سفارش هنوز ثبت نشده.","{""missing"":[""اقلام سفارش""]}"
3228,"1405-06-22 18:36:24",موفق,سفارش,order_sent,319502,"پیام کامل سفارش #319502 به تلگرام ارسال شد.","{""chats"":[-1003853185157],""source"":""pending_flush""}"
3227,"1405-06-22 18:33:32",اطلاعات,سفارش,order_pending,319502,"سفارش #319502 معوق شد: اقلام سفارش هنوز ثبت نشده.","{""missing"":[""اقلام سفارش""]}"
3226,"1405-06-22 18:25:59",موفق,سفارش,status_sent,319435,"پیام تغییر وضعیت سفارش #319435 ارسال شد (در انتظار پرداخت ← لغو شده).","{""old"":""pending"",""new"":""cancelled""}"
3225,"1405-06-22 18:24:00",اطلاعات,سفارش,order_pending,319501,"سفارش #319501 معوق شد: آدرس و اقلام سفارش هنوز ثبت نشده.","{""missing"":[""آدرس"",""اقلام سفارش""]}"
3224,"1405-06-22 18:13:03",موفق,سفارش,order_sent,319496,"پیام کامل سفارش #319496 به تلگرام ارسال شد.","{""chats"":[-1003853185157],""source"":""pending_flush""}"
3223,"1405-06-22 18:11:40",اطلاعات,سفارش,order_pending,319496,"سفارش #319496 معوق شد: اقلام سفارش هنوز ثبت نشده.","{""missing"":[""اقلام سفارش""]}"
3222,"1405-06-22 18:08:46",اطلاعات,سفارش,order_pending,319483,"سفارش #319483 معوق شد: اقلام سفارش هنوز ثبت نشده.","{""missing"":[""اقلام سفارش""]}"
3221,"1405-06-22 18:04:41",اطلاعات,سفارش,order_pending,319463,"سفارش #319463 معوق شد: اقلام سفارش هنوز ثبت نشده.","{""missing"":[""اقلام سفارش""]}"
3220,"1405-06-22 18:03:11",اطلاعات,سفارش,order_pending,319461,"سفارش #319461 معوق شد: آدرس و اقلام سفارش هنوز ثبت نشده.","{""missing"":[""آدرس"",""اقلام سفارش""]}"
3219,"1405-06-22 17:52:34",موفق,سفارش,order_sent,319459,"پیام کامل سفارش #319459 به تلگرام ارسال شد.","{""chats"":[-1003853185157],""source"":""pending_flush""}"
3218,"1405-06-22 17:52:25",اطلاعات,سفارش,order_pending,319459,"سفارش #319459 معوق شد: اقلام سفارش هنوز ثبت نشده.","{""missing"":[""اقلام سفارش""]}"
3217,"1405-06-22 17:51:23",اطلاعات,سفارش,order_pending,319458,"سفارش #319458 معوق شد: اقلام سفارش هنوز ثبت نشده.","{""missing"":[""اقلام سفارش""]}"
3216,"1405-06-22 17:48:47",موفق,سفارش,status_sent,319435,"پیام تغییر وضعیت سفارش #319435 ارسال شد (در انتظار بررسی ← در انتظار پرداخت).","{""old"":""on-hold"",""new"":""pending""}"
3215,"1405-06-22 17:46:59",موفق,موجودی,alert_sent,0,"1 اعلان موجودی ارسال شد.","{""product_ids"":[197327],""chats"":[-1003853185157]}"
3214,"1405-06-22 17:46:59",موفق,سفارش,order_sent,319456,"پیام کامل سفارش #319456 به تلگرام ارسال شد.","{""chats"":[-1003853185157],""source"":""pending_flush""}"
3213,"1405-06-22 17:46:58",موفق,سفارش,order_sent,319455,"پیام کامل سفارش #319455 به تلگرام ارسال شد.","{""chats"":[-1003853185157],""source"":""pending_flush""}"
3212,"1405-06-22 17:46:57",موفق,سفارش,order_sent,319454,"پیام کامل سفارش #319454 به تلگرام ارسال شد.","{""chats"":[-1003853185157],""source"":""pending_flush""}"
3211,"1405-06-22 17:46:56",موفق,سفارش,order_sent,319452,"پیام کامل سفارش #319452 به تلگرام ارسال شد.","{""chats"":[-1003853185157],""source"":""pending_flush""}"
3210,"1405-06-22 17:46:54",موفق,سفارش,order_sent,319451,"پیام کامل سفارش #319451 به تلگرام ارسال شد.","{""chats"":[-1003853185157],""source"":""pending_flush""}"
3209,"1405-06-22 17:46:53",موفق,سفارش,order_sent,319449,"پیام کامل سفارش #319449 به تلگرام ارسال شد.","{""chats"":[-1003853185157],""source"":""pending_flush""}"
3208,"1405-06-22 17:46:29",اطلاعات,سفارش,order_pending,319456,"سفارش #319456 معوق شد: اقلام سفارش هنوز ثبت نشده.","{""missing"":[""اقلام سفارش""]}"
3207,"1405-06-22 17:46:21",اطلاعات,سفارش,order_pending,319455,"سفارش #319455 معوق شد: اقلام سفارش هنوز ثبت نشده.","{""missing"":[""اقلام سفارش""]}"
3206,"1405-06-22 17:46:10",اطلاعات,سفارش,order_pending,319454,"سفارش #319454 معوق شد: اقلام سفارش هنوز ثبت نشده.","{""missing"":[""اقلام سفارش""]}"
3205,"1405-06-22 17:46:08",اطلاعات,سفارش,order_pending,319453,"سفارش #319453 معوق شد: اقلام سفارش هنوز ثبت نشده.","{""missing"":[""اقلام سفارش""]}"
3204,"1405-06-22 17:46:01",اطلاعات,سفارش,order_pending,319452,"سفارش #319452 معوق شد: اقلام سفارش هنوز ثبت نشده.","{""missing"":[""اقلام سفارش""]}"
3203,"1405-06-22 17:45:49",اطلاعات,سفارش,order_pending,319451,"سفارش #319451 معوق شد: اقلام سفارش هنوز ثبت نشده.","{""missing"":[""اقلام سفارش""]}"
3202,"1405-06-22 17:45:49",اطلاعات,سفارش,order_pending,319450,"سفارش #319450 معوق شد: اقلام سفارش هنوز ثبت نشده.","{""missing"":[""اقلام سفارش""]}"
3201,"1405-06-22 17:45:44",موفق,سفارش,order_sent,319448,"پیام کامل سفارش #319448 به تلگرام ارسال شد.","{""chats"":[-1003853185157],""source"":""pending_flush""}"
3200,"1405-06-22 17:45:43",موفق,سفارش,order_sent,319444,"پیام کامل سفارش #319444 به تلگرام ارسال شد.","{""chats"":[-1003853185157],""source"":""pending_flush""}"
3199,"1405-06-22 17:45:41",اطلاعات,سفارش,order_pending,319449,"سفارش #319449 معوق شد: اقلام سفارش هنوز ثبت نشده.","{""missing"":[""اقلام سفارش""]}"
3198,"1405-06-22 17:45:41",موفق,سفارش,order_sent,319443,"پیام کامل سفارش #319443 به تلگرام ارسال شد.","{""chats"":[-1003853185157],""source"":""pending_flush""}"
3197,"1405-06-22 17:45:39",موفق,سفارش,order_sent,319441,"پیام کامل سفارش #319441 به تلگرام ارسال شد.","{""chats"":[-1003853185157],""source"":""pending_flush""}"
3196,"1405-06-22 17:45:38",موفق,سفارش,order_sent,319438,"پیام کامل سفارش #319438 به تلگرام ارسال شد.","{""chats"":[-1003853185157],""source"":""pending_flush""}"
3195,"1405-06-22 17:45:29",اطلاعات,سفارش,order_pending,319448,"سفارش #319448 معوق شد: اقلام سفارش هنوز ثبت نشده.","{""missing"":[""اقلام سفارش""]}"
3194,"1405-06-22 17:45:28",اطلاعات,سفارش,order_pending,319447,"سفارش #319447 معوق شد: اقلام سفارش هنوز ثبت نشده.","{""missing"":[""اقلام سفارش""]}"
3193,"1405-06-22 17:45:22",اطلاعات,سفارش,order_pending,319446,"سفارش #319446 معوق شد: اقلام سفارش هنوز ثبت نشده.","{""missing"":[""اقلام سفارش""]}"
3192,"1405-06-22 17:45:11",اطلاعات,سفارش,order_pending,319444,"سفارش #319444 معوق شد: اقلام سفارش هنوز ثبت نشده.","{""missing"":[""اقلام سفارش""]}"
3191,"1405-06-22 17:45:11",اطلاعات,سفارش,order_pending,319445,"سفارش #319445 معوق شد: اقلام سفارش هنوز ثبت نشده.","{""missing"":[""اقلام سفارش""]}"
3190,"1405-06-22 17:45:03",اطلاعات,سفارش,order_pending,319443,"سفارش #319443 معوق شد: اقلام سفارش هنوز ثبت نشده.","{""missing"":[""اقلام سفارش""]}"
3189,"1405-06-22 17:44:51",اطلاعات,سفارش,order_pending,319442,"سفارش #319442 معوق شد: اقلام سفارش هنوز ثبت نشده.","{""missing"":[""اقلام سفارش""]}"
3188,"1405-06-22 17:44:51",اطلاعات,سفارش,order_pending,319441,"سفارش #319441 معوق شد: اقلام سفارش هنوز ثبت نشده.","{""missing"":[""اقلام سفارش""]}"
3187,"1405-06-22 17:44:44",اطلاعات,سفارش,order_pending,319440,"سفارش #319440 معوق شد: اقلام سفارش هنوز ثبت نشده.","{""missing"":[""اقلام سفارش""]}"
3186,"1405-06-22 17:44:34",موفق,سفارش,order_sent,319436,"پیام کامل سفارش #319436 به تلگرام ارسال شد.","{""chats"":[-1003853185157],""source"":""pending_flush""}"
3185,"1405-06-22 17:44:30",اطلاعات,سفارش,order_pending,319438,"سفارش #319438 معوق شد: اقلام سفارش هنوز ثبت نشده.","{""missing"":[""اقلام سفارش""]}"
3184,"1405-06-22 17:44:30",اطلاعات,سفارش,order_pending,319437,"سفارش #319437 معوق شد: اقلام سفارش هنوز ثبت نشده.","{""missing"":[""اقلام سفارش""]}"
3183,"1405-06-22 17:44:29",موفق,سفارش,order_sent,319435,"پیام کامل سفارش #319435 به تلگرام ارسال شد.","{""chats"":[-1003853185157],""source"":""pending_flush""}"
3182,"1405-06-22 17:44:28",موفق,سفارش,order_sent,319434,"پیام کامل سفارش #319434 به تلگرام ارسال شد.","{""chats"":[-1003853185157],""source"":""pending_flush""}"
3181,"1405-06-22 17:44:27",موفق,سفارش,order_sent,319431,"پیام کامل سفارش #319431 به تلگرام ارسال شد.","{""chats"":[-1003853185157],""source"":""pending_flush""}"
3180,"1405-06-22 17:44:24",اطلاعات,سفارش,order_pending,319436,"سفارش #319436 معوق شد: اقلام سفارش هنوز ثبت نشده.","{""missing"":[""اقلام سفارش""]}"
3179,"1405-06-22 17:44:23",موفق,سفارش,order_sent,319428,"پیام کامل سفارش #319428 به تلگرام ارسال شد.","{""chats"":[-1003853185157],""source"":""pending_flush""}"
3178,"1405-06-22 17:44:19",اطلاعات,سفارش,order_pending,319435,"سفارش #319435 معوق شد: اقلام سفارش هنوز ثبت نشده.","{""missing"":[""اقلام سفارش""]}"
3177,"1405-06-22 17:44:10",اطلاعات,سفارش,order_pending,319434,"سفارش #319434 معوق شد: اقلام سفارش هنوز ثبت نشده.","{""missing"":[""اقلام سفارش""]}"
3176,"1405-06-22 17:44:09",اطلاعات,سفارش,order_pending,319433,"سفارش #319433 معوق شد: اقلام سفارش هنوز ثبت نشده.","{""missing"":[""اقلام سفارش""]}"
3175,"1405-06-22 17:44:03",اطلاعات,سفارش,order_pending,319432,"سفارش #319432 معوق شد: اقلام سفارش هنوز ثبت نشده.","{""missing"":[""اقلام سفارش""]}"
3174,"1405-06-22 17:43:50",اطلاعات,سفارش,order_pending,319431,"سفارش #319431 معوق شد: اقلام سفارش هنوز ثبت نشده.","{""missing"":[""اقلام سفارش""]}"
3173,"1405-06-22 17:43:50",اطلاعات,سفارش,order_pending,319430,"سفارش #319430 معوق شد: اقلام سفارش هنوز ثبت نشده.","{""missing"":[""اقلام سفارش""]}"
3172,"1405-06-22 17:43:44",اطلاعات,سفارش,order_pending,319429,"سفارش #319429 معوق شد: اقلام سفارش هنوز ثبت نشده.","{""missing"":[""اقلام سفارش""]}"
3171,"1405-06-22 17:43:30",اطلاعات,سفارش,order_pending,319428,"سفارش #319428 معوق شد: اقلام سفارش هنوز ثبت نشده.","{""missing"":[""اقلام سفارش""]}"
3170,"1405-06-22 17:43:30",اطلاعات,سفارش,order_pending,319427,"سفارش #319427 معوق شد: اقلام سفارش هنوز ثبت نشده.","{""missing"":[""اقلام سفارش""]}"
3169,"1405-06-22 17:43:24",اطلاعات,سفارش,order_pending,319426,"سفارش #319426 معوق شد: اقلام سفارش هنوز ثبت نشده.","{""missing"":[""اقلام سفارش""]}"
3168,"1405-06-22 17:43:17",موفق,سفارش,order_sent,319425,"پیام کامل سفارش #319425 به تلگرام ارسال شد.","{""chats"":[-1003853185157],""source"":""pending_flush""}"
3167,"1405-06-22 17:43:12",موفق,سفارش,order_sent,319423,"پیام کامل سفارش #319423 به تلگرام ارسال شد.","{""chats"":[-1003853185157],""source"":""pending_flush""}"
3166,"1405-06-22 17:43:09",اطلاعات,سفارش,order_pending,319425,"سفارش #319425 معوق شد: اقلام سفارش هنوز ثبت نشده.","{""missing"":[""اقلام سفارش""]}"
3165,"1405-06-22 17:43:09",اطلاعات,سفارش,order_pending,319424,"سفارش #319424 معوق شد: اقلام سفارش هنوز ثبت نشده.","{""missing"":[""اقلام سفارش""]}"
3164,"1405-06-22 17:43:07",موفق,سفارش,order_sent,319422,"پیام کامل سفارش #319422 به تلگرام ارسال شد.","{""chats"":[-1003853185157],""source"":""pending_flush""}"
3163,"1405-06-22 17:43:06",موفق,سفارش,order_sent,319420,"پیام کامل سفارش #319420 به تلگرام ارسال شد.","{""chats"":[-1003853185157],""source"":""pending_flush""}"
